file_path,origin,file_type,size_bytes,modified_date,likely_role,consumed_by_script,produced_by_script,status,notes
.git,worktree(branch),none,71,2026-06-11,,,,present,
.github/workflows/ci.yml,worktree(branch),yml,2361,2026-06-11,CI,,,present,
.gitignore,worktree(branch),none,1477,2026-06-11,,,,present,
LICENSE,worktree(branch),none,1088,2026-06-11,,,,present,
README.md,worktree(branch),md,31484,2026-06-11,,,,present,
config/physics.yaml,worktree(branch),yaml,1681,2026-06-11,physics/config yaml,"derive_rul.py, pinn scripts",manual (P4),present,
data/README_data.md,main-repo data/ (gitignored),md,8083,2026-05-20,,,,present,
data/external/README.md,main-repo data/ (gitignored),md,95,2026-05-20,external datasets placeholder (empty),,,present,
data/interim/.gitkeep,main-repo data/ (gitignored),none,0,2026-05-08,intermediate features,,,present,
data/interim/augmentation/train_augmented_feature_noise.csv,main-repo data/ (gitignored),csv,119633,2026-05-13,"augmented train folds (P1, training-only)",,,present,
data/interim/augmentation/train_augmented_feature_scaling.csv,main-repo data/ (gitignored),csv,120270,2026-05-13,"augmented train folds (P1, training-only)",,,present,
data/interim/augmentation/train_augmented_grouped_scaling.csv,main-repo data/ (gitignored),csv,120323,2026-05-13,"augmented train folds (P1, training-only)",,,present,
data/interim/contact_features.csv,main-repo data/ (gitignored),csv,35339,2026-05-13,intermediate features,build_dataset.py (aggregation step),build_dataset.py,present,
data/manifest/t01_canonical_definition.csv,worktree(branch),csv,3349,2026-06-11,data manifests (P7/P7.0),P7 documentation,P7 session 2026-06-11,present,
data/manifest/t01_manifest.csv,worktree(branch),csv,35342,2026-06-11,data manifests (P7/P7.0),P7 documentation,refocus session 2026-06-11,present,
data/processed/.gitkeep,main-repo data/ (gitignored),none,0,2026-05-08,model-ready datasets,,,present,
data/processed/_t_agg.csv,main-repo data/ (gitignored),csv,21040,2026-06-09,model-ready datasets,,,present,
data/processed/_t_agg.csv.meta.json,main-repo data/ (gitignored),json,176,2026-06-09,model-ready datasets,,,present,
data/processed/_t_bad.csv,main-repo data/ (gitignored),csv,21040,2026-06-09,model-ready datasets,,,present,
data/processed/_t_bad.csv.meta.json,main-repo data/ (gitignored),json,176,2026-06-09,model-ready datasets,,,present,
data/processed/_t_tgt.csv,main-repo data/ (gitignored),csv,201,2026-06-09,model-ready datasets,,,present,
data/processed/experiment_features.csv,main-repo data/ (gitignored),csv,38302,2026-05-13,model-ready datasets,"run_layered_pipeline.py, run_time_aware_baselines.py, run_pinn*.py, derive_rul.py, uncertainty_analysis.py",build_dataset.py / ingest.py,present,
data/processed/experiment_features.csv.meta.json,main-repo data/ (gitignored),json,158,2026-06-09,model-ready datasets,,,present,
data/processed/modeling_dataset.csv,main-repo data/ (gitignored),csv,38184,2026-05-13,model-ready datasets,legacy consumers,build_dataset.py,present,
data/raw/acoustic/full_signals/.gitkeep,main-repo data/ (gitignored),none,0,2026-05-08,raw acoustic emission (UNUSED by current features),,,present,
data/raw/acoustic/segments/.gitkeep,main-repo data/ (gitignored),none,0,2026-05-08,raw acoustic emission (UNUSED by current features),,,present,
data/raw/full_signals/.gitkeep,main-repo data/ (gitignored),none,0,2026-05-08,raw full-length vibration signal,build_dataset.py / ingest.py / run_signal_qa.py,"upstream (DAQ export, parsed_modified)",present,
data/raw/full_signals/A66_parsed_modified.txt,main-repo data/ (gitignored),txt,108539136,2026-04-21,raw full-length vibration signal,build_dataset.py / ingest.py / run_signal_qa.py,"upstream (DAQ export, parsed_modified)",present,
data/raw/full_signals/A67_parsed_modified.txt,main-repo data/ (gitignored),txt,122740022,2026-04-21,raw full-length vibration signal,build_dataset.py / ingest.py / run_signal_qa.py,"upstream (DAQ export, parsed_modified)",present,
data/raw/full_signals/A68_parsed_modified.txt,main-repo data/ (gitignored),txt,118299420,2026-04-21,raw full-length vibration signal,build_dataset.py / ingest.py / run_signal_qa.py,"upstream (DAQ export, parsed_modified)",present,
data/raw/full_signals/A69_parsed_modified.txt,main-repo data/ (gitignored),txt,116973898,2026-04-21,raw full-length vibration signal,build_dataset.py / ingest.py / run_signal_qa.py,"upstream (DAQ export, parsed_modified)",present,
data/raw/full_signals/A70_parsed_modified.txt,main-repo data/ (gitignored),txt,180702906,2026-04-21,raw full-length vibration signal,build_dataset.py / ingest.py / run_signal_qa.py,"upstream (DAQ export, parsed_modified)",present,
data/raw/full_signals/A73_parsed_modified.txt,main-repo data/ (gitignored),txt,119311902,2026-04-21,raw full-length vibration signal,build_dataset.py / ingest.py / run_signal_qa.py,"upstream (DAQ export, parsed_modified)",present,
data/raw/full_signals/A74_parsed_modified.txt,main-repo data/ (gitignored),txt,106991497,2026-04-21,raw full-length vibration signal,build_dataset.py / ingest.py / run_signal_qa.py,"upstream (DAQ export, parsed_modified)",present,
data/raw/full_signals/A75_parsed_modified.txt,main-repo data/ (gitignored),txt,103303209,2026-04-21,raw full-length vibration signal,build_dataset.py / ingest.py / run_signal_qa.py,"upstream (DAQ export, parsed_modified)",present,
data/raw/full_signals/A76_parsed_modified.txt,main-repo data/ (gitignored),txt,110448300,2026-04-21,raw full-length vibration signal,build_dataset.py / ingest.py / run_signal_qa.py,"upstream (DAQ export, parsed_modified)",present,
data/raw/full_signals/A77_parsed_modified.txt,main-repo data/ (gitignored),txt,102002068,2026-04-21,raw full-length vibration signal,build_dataset.py / ingest.py / run_signal_qa.py,"upstream (DAQ export, parsed_modified)",present,
data/raw/full_signals/R66_parsed_modified.txt,main-repo data/ (gitignored),txt,115050418,2026-04-21,raw full-length vibration signal,build_dataset.py / ingest.py / run_signal_qa.py,"upstream (DAQ export, parsed_modified)",present,
data/raw/full_signals/R67_parsed_modified.txt,main-repo data/ (gitignored),txt,129377168,2026-04-21,raw full-length vibration signal,build_dataset.py / ingest.py / run_signal_qa.py,"upstream (DAQ export, parsed_modified)",present,
data/raw/full_signals/R68_parsed_modified.txt,main-repo data/ (gitignored),txt,125485802,2026-04-21,raw full-length vibration signal,build_dataset.py / ingest.py / run_signal_qa.py,"upstream (DAQ export, parsed_modified)",present,
data/raw/full_signals/R69_parsed_modified.txt,main-repo data/ (gitignored),txt,123822325,2026-04-21,raw full-length vibration signal,build_dataset.py / ingest.py / run_signal_qa.py,"upstream (DAQ export, parsed_modified)",present,
data/raw/full_signals/R70_parsed_modified.txt,main-repo data/ (gitignored),txt,187359534,2026-04-21,raw full-length vibration signal,build_dataset.py / ingest.py / run_signal_qa.py,"upstream (DAQ export, parsed_modified)",present,
data/raw/full_signals/R73_parsed_modified.txt,main-repo data/ (gitignored),txt,126456023,2026-04-21,raw full-length vibration signal,build_dataset.py / ingest.py / run_signal_qa.py,"upstream (DAQ export, parsed_modified)",present,
data/raw/full_signals/R74_parsed_modified.txt,main-repo data/ (gitignored),txt,113304872,2026-04-21,raw full-length vibration signal,build_dataset.py / ingest.py / run_signal_qa.py,"upstream (DAQ export, parsed_modified)",present,
data/raw/full_signals/R75_parsed_modified.txt,main-repo data/ (gitignored),txt,109187547,2026-04-21,raw full-length vibration signal,build_dataset.py / ingest.py / run_signal_qa.py,"upstream (DAQ export, parsed_modified)",present,
data/raw/full_signals/R76_parsed_modified.txt,main-repo data/ (gitignored),txt,118414592,2026-04-21,raw full-length vibration signal,build_dataset.py / ingest.py / run_signal_qa.py,"upstream (DAQ export, parsed_modified)",present,
data/raw/full_signals/R77_parsed_modified.txt,main-repo data/ (gitignored),txt,108892504,2026-04-21,raw full-length vibration signal,build_dataset.py / ingest.py / run_signal_qa.py,"upstream (DAQ export, parsed_modified)",present,
data/raw/metadata/experiment_metadata.csv,main-repo data/ (gitignored),csv,257,2026-05-07,experiment metadata,"build_dataset.py, ingest.py",upstream,present,
data/raw/segments/.gitkeep,main-repo data/ (gitignored),none,0,2026-05-08,raw vibration segment (contact window),build_dataset.py / ingest.py / run_signal_qa.py,"upstream (DAQ export, parsed_modified)",present,
data/raw/segments/A66_p1.txt,main-repo data/ (gitignored),txt,3432812,2026-04-21,raw vibration segment (contact window),build_dataset.py / ingest.py / run_signal_qa.py,"upstream (DAQ export, parsed_modified)",present,
data/raw/segments/A66_p2.txt,main-repo data/ (gitignored),txt,3256565,2026-04-21,raw vibration segment (contact window),build_dataset.py / ingest.py / run_signal_qa.py,"upstream (DAQ export, parsed_modified)",present,
data/raw/segments/A66_p3.txt,main-repo data/ (gitignored),txt,2683192,2026-04-21,raw vibration segment (contact window),build_dataset.py / ingest.py / run_signal_qa.py,"upstream (DAQ export, parsed_modified)",present,
data/raw/segments/A66_p4.txt,main-repo data/ (gitignored),txt,2372105,2026-04-21,raw vibration segment (contact window),build_dataset.py / ingest.py / run_signal_qa.py,"upstream (DAQ export, parsed_modified)",present,
data/raw/segments/A66_p5.txt,main-repo data/ (gitignored),txt,2124601,2026-04-21,raw vibration segment (contact window),build_dataset.py / ingest.py / run_signal_qa.py,"upstream (DAQ export, parsed_modified)",present,
data/raw/segments/A66_p6.txt,main-repo data/ (gitignored),txt,2044511,2026-04-21,raw vibration segment (contact window),build_dataset.py / ingest.py / run_signal_qa.py,"upstream (DAQ export, parsed_modified)",present,
data/raw/segments/A67_p1.txt,main-repo data/ (gitignored),txt,3428383,2026-04-21,raw vibration segment (contact window),build_dataset.py / ingest.py / run_signal_qa.py,"upstream (DAQ export, parsed_modified)",present,
data/raw/segments/A67_p2.txt,main-repo data/ (gitignored),txt,3025365,2026-04-21,raw vibration segment (contact window),build_dataset.py / ingest.py / run_signal_qa.py,"upstream (DAQ export, parsed_modified)",present,
data/raw/segments/A67_p3.txt,main-repo data/ (gitignored),txt,6071967,2026-04-21,raw vibration segment (contact window),build_dataset.py / ingest.py / run_signal_qa.py,"upstream (DAQ export, parsed_modified)",present,
data/raw/segments/A67_p4.txt,main-repo data/ (gitignored),txt,2191935,2026-04-21,raw vibration segment (contact window),build_dataset.py / ingest.py / run_signal_qa.py,"upstream (DAQ export, parsed_modified)",present,
data/raw/segments/A67_p5.txt,main-repo data/ (gitignored),txt,2354102,2026-04-21,raw vibration segment (contact window),build_dataset.py / ingest.py / run_signal_qa.py,"upstream (DAQ export, parsed_modified)",present,
data/raw/segments/A67_p6.txt,main-repo data/ (gitignored),txt,2308627,2026-04-21,raw vibration segment (contact window),build_dataset.py / ingest.py / run_signal_qa.py,"upstream (DAQ export, parsed_modified)",present,
data/raw/segments/A68_p1.txt,main-repo data/ (gitignored),txt,3423543,2026-04-21,raw vibration segment (contact window),build_dataset.py / ingest.py / run_signal_qa.py,"upstream (DAQ export, parsed_modified)",present,
data/raw/segments/A68_p2.txt,main-repo data/ (gitignored),txt,2972939,2026-04-21,raw vibration segment (contact window),build_dataset.py / ingest.py / run_signal_qa.py,"upstream (DAQ export, parsed_modified)",present,
data/raw/segments/A68_p3.txt,main-repo data/ (gitignored),txt,2681998,2026-04-21,raw vibration segment (contact window),build_dataset.py / ingest.py / run_signal_qa.py,"upstream (DAQ export, parsed_modified)",present,
data/raw/segments/A68_p4.txt,main-repo data/ (gitignored),txt,2625198,2026-04-21,raw vibration segment (contact window),build_dataset.py / ingest.py / run_signal_qa.py,"upstream (DAQ export, parsed_modified)",present,
data/raw/segments/A68_p5.txt,main-repo data/ (gitignored),txt,2081410,2026-04-21,raw vibration segment (contact window),build_dataset.py / ingest.py / run_signal_qa.py,"upstream (DAQ export, parsed_modified)",present,
data/raw/segments/A68_p6.txt,main-repo data/ (gitignored),txt,2346803,2026-04-21,raw vibration segment (contact window),build_dataset.py / ingest.py / run_signal_qa.py,"upstream (DAQ export, parsed_modified)",present,
data/raw/segments/A69_p1.txt,main-repo data/ (gitignored),txt,3188559,2026-04-21,raw vibration segment (contact window),build_dataset.py / ingest.py / run_signal_qa.py,"upstream (DAQ export, parsed_modified)",present,
data/raw/segments/A69_p2.txt,main-repo data/ (gitignored),txt,2960594,2026-04-21,raw vibration segment (contact window),build_dataset.py / ingest.py / run_signal_qa.py,"upstream (DAQ export, parsed_modified)",present,
data/raw/segments/A69_p3.txt,main-repo data/ (gitignored),txt,2565642,2026-04-21,raw vibration segment (contact window),build_dataset.py / ingest.py / run_signal_qa.py,"upstream (DAQ export, parsed_modified)",present,
data/raw/segments/A69_p4.txt,main-repo data/ (gitignored),txt,2171327,2026-04-21,raw vibration segment (contact window),build_dataset.py / ingest.py / run_signal_qa.py,"upstream (DAQ export, parsed_modified)",present,
data/raw/segments/A69_p5.txt,main-repo data/ (gitignored),txt,1907249,2026-04-21,raw vibration segment (contact window),build_dataset.py / ingest.py / run_signal_qa.py,"upstream (DAQ export, parsed_modified)",present,
data/raw/segments/A69_p6.txt,main-repo data/ (gitignored),txt,1619855,2026-04-21,raw vibration segment (contact window),build_dataset.py / ingest.py / run_signal_qa.py,"upstream (DAQ export, parsed_modified)",present,
data/raw/segments/A70_p1.txt,main-repo data/ (gitignored),txt,3135065,2026-04-21,raw vibration segment (contact window),build_dataset.py / ingest.py / run_signal_qa.py,"upstream (DAQ export, parsed_modified)",present,
data/raw/segments/A70_p2.txt,main-repo data/ (gitignored),txt,2815658,2026-04-21,raw vibration segment (contact window),build_dataset.py / ingest.py / run_signal_qa.py,"upstream (DAQ export, parsed_modified)",present,
data/raw/segments/A70_p3.txt,main-repo data/ (gitignored),txt,2457738,2026-04-21,raw vibration segment (contact window),build_dataset.py / ingest.py / run_signal_qa.py,"upstream (DAQ export, parsed_modified)",present,
data/raw/segments/A70_p4.txt,main-repo data/ (gitignored),txt,2207215,2026-04-21,raw vibration segment (contact window),build_dataset.py / ingest.py / run_signal_qa.py,"upstream (DAQ export, parsed_modified)",present,
data/raw/segments/A70_p5.txt,main-repo data/ (gitignored),txt,1885103,2026-04-21,raw vibration segment (contact window),build_dataset.py / ingest.py / run_signal_qa.py,"upstream (DAQ export, parsed_modified)",present,
data/raw/segments/A70_p6.txt,main-repo data/ (gitignored),txt,1442704,2026-04-21,raw vibration segment (contact window),build_dataset.py / ingest.py / run_signal_qa.py,"upstream (DAQ export, parsed_modified)",present,
data/raw/segments/A73_p1.txt,main-repo data/ (gitignored),txt,3196723,2026-04-21,raw vibration segment (contact window),build_dataset.py / ingest.py / run_signal_qa.py,"upstream (DAQ export, parsed_modified)",present,
data/raw/segments/A73_p2.txt,main-repo data/ (gitignored),txt,2919667,2026-04-21,raw vibration segment (contact window),build_dataset.py / ingest.py / run_signal_qa.py,"upstream (DAQ export, parsed_modified)",present,
data/raw/segments/A73_p3.txt,main-repo data/ (gitignored),txt,2536839,2026-04-21,raw vibration segment (contact window),build_dataset.py / ingest.py / run_signal_qa.py,"upstream (DAQ export, parsed_modified)",present,
data/raw/segments/A73_p4.txt,main-repo data/ (gitignored),txt,2148859,2026-04-21,raw vibration segment (contact window),build_dataset.py / ingest.py / run_signal_qa.py,"upstream (DAQ export, parsed_modified)",present,
data/raw/segments/A73_p5.txt,main-repo data/ (gitignored),txt,1805677,2026-04-21,raw vibration segment (contact window),build_dataset.py / ingest.py / run_signal_qa.py,"upstream (DAQ export, parsed_modified)",present,
data/raw/segments/A73_p6.txt,main-repo data/ (gitignored),txt,1633742,2026-04-21,raw vibration segment (contact window),build_dataset.py / ingest.py / run_signal_qa.py,"upstream (DAQ export, parsed_modified)",present,
data/raw/segments/A74_p1.txt,main-repo data/ (gitignored),txt,3218426,2026-04-21,raw vibration segment (contact window),build_dataset.py / ingest.py / run_signal_qa.py,"upstream (DAQ export, parsed_modified)",present,
data/raw/segments/A74_p2.txt,main-repo data/ (gitignored),txt,3165605,2026-04-21,raw vibration segment (contact window),build_dataset.py / ingest.py / run_signal_qa.py,"upstream (DAQ export, parsed_modified)",present,
data/raw/segments/A74_p3.txt,main-repo data/ (gitignored),txt,2620520,2026-04-21,raw vibration segment (contact window),build_dataset.py / ingest.py / run_signal_qa.py,"upstream (DAQ export, parsed_modified)",present,
data/raw/segments/A74_p4.txt,main-repo data/ (gitignored),txt,2209311,2026-04-21,raw vibration segment (contact window),build_dataset.py / ingest.py / run_signal_qa.py,"upstream (DAQ export, parsed_modified)",present,
data/raw/segments/A74_p5.txt,main-repo data/ (gitignored),txt,1917444,2026-04-21,raw vibration segment (contact window),build_dataset.py / ingest.py / run_signal_qa.py,"upstream (DAQ export, parsed_modified)",present,
data/raw/segments/A74_p6.txt,main-repo data/ (gitignored),txt,1489118,2026-04-21,raw vibration segment (contact window),build_dataset.py / ingest.py / run_signal_qa.py,"upstream (DAQ export, parsed_modified)",present,
data/raw/segments/A75_p1.txt,main-repo data/ (gitignored),txt,3252659,2026-04-21,raw vibration segment (contact window),build_dataset.py / ingest.py / run_signal_qa.py,"upstream (DAQ export, parsed_modified)",present,
data/raw/segments/A75_p2.txt,main-repo data/ (gitignored),txt,2983774,2026-04-21,raw vibration segment (contact window),build_dataset.py / ingest.py / run_signal_qa.py,"upstream (DAQ export, parsed_modified)",present,
data/raw/segments/A75_p3.txt,main-repo data/ (gitignored),txt,2648844,2026-04-21,raw vibration segment (contact window),build_dataset.py / ingest.py / run_signal_qa.py,"upstream (DAQ export, parsed_modified)",present,
data/raw/segments/A75_p4.txt,main-repo data/ (gitignored),txt,2201773,2026-04-21,raw vibration segment (contact window),build_dataset.py / ingest.py / run_signal_qa.py,"upstream (DAQ export, parsed_modified)",present,
data/raw/segments/A75_p5.txt,main-repo data/ (gitignored),txt,2011027,2026-04-21,raw vibration segment (contact window),build_dataset.py / ingest.py / run_signal_qa.py,"upstream (DAQ export, parsed_modified)",present,
data/raw/segments/A75_p6.txt,main-repo data/ (gitignored),txt,1482021,2026-04-21,raw vibration segment (contact window),build_dataset.py / ingest.py / run_signal_qa.py,"upstream (DAQ export, parsed_modified)",present,
data/raw/segments/A76_p1.txt,main-repo data/ (gitignored),txt,3407078,2026-04-21,raw vibration segment (contact window),build_dataset.py / ingest.py / run_signal_qa.py,"upstream (DAQ export, parsed_modified)",present,
data/raw/segments/A76_p2.txt,main-repo data/ (gitignored),txt,3151563,2026-04-21,raw vibration segment (contact window),build_dataset.py / ingest.py / run_signal_qa.py,"upstream (DAQ export, parsed_modified)",present,
data/raw/segments/A76_p3.txt,main-repo data/ (gitignored),txt,2557831,2026-04-21,raw vibration segment (contact window),build_dataset.py / ingest.py / run_signal_qa.py,"upstream (DAQ export, parsed_modified)",present,
data/raw/segments/A76_p4.txt,main-repo data/ (gitignored),txt,2236278,2026-04-21,raw vibration segment (contact window),build_dataset.py / ingest.py / run_signal_qa.py,"upstream (DAQ export, parsed_modified)",present,
data/raw/segments/A76_p5.txt,main-repo data/ (gitignored),txt,1806310,2026-04-21,raw vibration segment (contact window),build_dataset.py / ingest.py / run_signal_qa.py,"upstream (DAQ export, parsed_modified)",present,
data/raw/segments/A76_p6.txt,main-repo data/ (gitignored),txt,1528624,2026-04-21,raw vibration segment (contact window),build_dataset.py / ingest.py / run_signal_qa.py,"upstream (DAQ export, parsed_modified)",present,
data/raw/segments/A77_p1.txt,main-repo data/ (gitignored),txt,3319925,2026-04-21,raw vibration segment (contact window),build_dataset.py / ingest.py / run_signal_qa.py,"upstream (DAQ export, parsed_modified)",present,
data/raw/segments/A77_p2.txt,main-repo data/ (gitignored),txt,2976123,2026-04-21,raw vibration segment (contact window),build_dataset.py / ingest.py / run_signal_qa.py,"upstream (DAQ export, parsed_modified)",present,
data/raw/segments/A77_p3.txt,main-repo data/ (gitignored),txt,2629390,2026-04-21,raw vibration segment (contact window),build_dataset.py / ingest.py / run_signal_qa.py,"upstream (DAQ export, parsed_modified)",present,
data/raw/segments/A77_p4.txt,main-repo data/ (gitignored),txt,983239,2026-04-21,raw vibration segment (contact window),build_dataset.py / ingest.py / run_signal_qa.py,"upstream (DAQ export, parsed_modified)",present,
data/raw/segments/R66_p1.txt,main-repo data/ (gitignored),txt,3258899,2026-04-21,raw vibration segment (contact window),build_dataset.py / ingest.py / run_signal_qa.py,"upstream (DAQ export, parsed_modified)",present,
data/raw/segments/R66_p2.txt,main-repo data/ (gitignored),txt,3162035,2026-04-21,raw vibration segment (contact window),build_dataset.py / ingest.py / run_signal_qa.py,"upstream (DAQ export, parsed_modified)",present,
data/raw/segments/R66_p3.txt,main-repo data/ (gitignored),txt,2738630,2026-04-21,raw vibration segment (contact window),build_dataset.py / ingest.py / run_signal_qa.py,"upstream (DAQ export, parsed_modified)",present,
data/raw/segments/R66_p4.txt,main-repo data/ (gitignored),txt,2500149,2026-04-21,raw vibration segment (contact window),build_dataset.py / ingest.py / run_signal_qa.py,"upstream (DAQ export, parsed_modified)",present,
data/raw/segments/R66_p5.txt,main-repo data/ (gitignored),txt,2145599,2026-04-21,raw vibration segment (contact window),build_dataset.py / ingest.py / run_signal_qa.py,"upstream (DAQ export, parsed_modified)",present,
data/raw/segments/R66_p6.txt,main-repo data/ (gitignored),txt,1727510,2026-04-21,raw vibration segment (contact window),build_dataset.py / ingest.py / run_signal_qa.py,"upstream (DAQ export, parsed_modified)",present,
data/raw/segments/R67_p1.txt,main-repo data/ (gitignored),txt,3264163,2026-04-21,raw vibration segment (contact window),build_dataset.py / ingest.py / run_signal_qa.py,"upstream (DAQ export, parsed_modified)",present,
data/raw/segments/R67_p2.txt,main-repo data/ (gitignored),txt,2882801,2026-04-21,raw vibration segment (contact window),build_dataset.py / ingest.py / run_signal_qa.py,"upstream (DAQ export, parsed_modified)",present,
data/raw/segments/R67_p3.txt,main-repo data/ (gitignored),txt,6039519,2026-04-21,raw vibration segment (contact window),build_dataset.py / ingest.py / run_signal_qa.py,"upstream (DAQ export, parsed_modified)",present,
data/raw/segments/R67_p4.txt,main-repo data/ (gitignored),txt,2201972,2026-04-21,raw vibration segment (contact window),build_dataset.py / ingest.py / run_signal_qa.py,"upstream (DAQ export, parsed_modified)",present,
data/raw/segments/R67_p5.txt,main-repo data/ (gitignored),txt,2312124,2026-04-21,raw vibration segment (contact window),build_dataset.py / ingest.py / run_signal_qa.py,"upstream (DAQ export, parsed_modified)",present,
data/raw/segments/R67_p6.txt,main-repo data/ (gitignored),txt,2153465,2026-04-21,raw vibration segment (contact window),build_dataset.py / ingest.py / run_signal_qa.py,"upstream (DAQ export, parsed_modified)",present,
data/raw/segments/R68_p1.txt,main-repo data/ (gitignored),txt,3423602,2026-04-21,raw vibration segment (contact window),build_dataset.py / ingest.py / run_signal_qa.py,"upstream (DAQ export, parsed_modified)",present,
data/raw/segments/R68_p2.txt,main-repo data/ (gitignored),txt,2982787,2026-04-21,raw vibration segment (contact window),build_dataset.py / ingest.py / run_signal_qa.py,"upstream (DAQ export, parsed_modified)",present,
data/raw/segments/R68_p3.txt,main-repo data/ (gitignored),txt,2550483,2026-04-21,raw vibration segment (contact window),build_dataset.py / ingest.py / run_signal_qa.py,"upstream (DAQ export, parsed_modified)",present,
data/raw/segments/R68_p4.txt,main-repo data/ (gitignored),txt,2258440,2026-04-21,raw vibration segment (contact window),build_dataset.py / ingest.py / run_signal_qa.py,"upstream (DAQ export, parsed_modified)",present,
data/raw/segments/R68_p5.txt,main-repo data/ (gitignored),txt,1920804,2026-04-21,raw vibration segment (contact window),build_dataset.py / ingest.py / run_signal_qa.py,"upstream (DAQ export, parsed_modified)",present,
data/raw/segments/R68_p6.txt,main-repo data/ (gitignored),txt,3639509,2026-04-21,raw vibration segment (contact window),build_dataset.py / ingest.py / run_signal_qa.py,"upstream (DAQ export, parsed_modified)",present,
data/raw/segments/R69_p1.txt,main-repo data/ (gitignored),txt,3230905,2026-04-21,raw vibration segment (contact window),build_dataset.py / ingest.py / run_signal_qa.py,"upstream (DAQ export, parsed_modified)",present,
data/raw/segments/R69_p2.txt,main-repo data/ (gitignored),txt,2909601,2026-04-21,raw vibration segment (contact window),build_dataset.py / ingest.py / run_signal_qa.py,"upstream (DAQ export, parsed_modified)",present,
data/raw/segments/R69_p3.txt,main-repo data/ (gitignored),txt,2539442,2026-04-21,raw vibration segment (contact window),build_dataset.py / ingest.py / run_signal_qa.py,"upstream (DAQ export, parsed_modified)",present,
data/raw/segments/R69_p4.txt,main-repo data/ (gitignored),txt,2311346,2026-04-21,raw vibration segment (contact window),build_dataset.py / ingest.py / run_signal_qa.py,"upstream (DAQ export, parsed_modified)",present,
data/raw/segments/R69_p5.txt,main-repo data/ (gitignored),txt,1857151,2026-04-21,raw vibration segment (contact window),build_dataset.py / ingest.py / run_signal_qa.py,"upstream (DAQ export, parsed_modified)",present,
data/raw/segments/R69_p6.txt,main-repo data/ (gitignored),txt,1532076,2026-04-21,raw vibration segment (contact window),build_dataset.py / ingest.py / run_signal_qa.py,"upstream (DAQ export, parsed_modified)",present,
data/raw/segments/R70_p1.txt,main-repo data/ (gitignored),txt,3142191,2026-04-21,raw vibration segment (contact window),build_dataset.py / ingest.py / run_signal_qa.py,"upstream (DAQ export, parsed_modified)",present,
data/raw/segments/R70_p2.txt,main-repo data/ (gitignored),txt,2841217,2026-04-21,raw vibration segment (contact window),build_dataset.py / ingest.py / run_signal_qa.py,"upstream (DAQ export, parsed_modified)",present,
data/raw/segments/R70_p3.txt,main-repo data/ (gitignored),txt,2519224,2026-04-21,raw vibration segment (contact window),build_dataset.py / ingest.py / run_signal_qa.py,"upstream (DAQ export, parsed_modified)",present,
data/raw/segments/R70_p4.txt,main-repo data/ (gitignored),txt,2160047,2026-04-21,raw vibration segment (contact window),build_dataset.py / ingest.py / run_signal_qa.py,"upstream (DAQ export, parsed_modified)",present,
data/raw/segments/R70_p5.txt,main-repo data/ (gitignored),txt,1810572,2026-04-21,raw vibration segment (contact window),build_dataset.py / ingest.py / run_signal_qa.py,"upstream (DAQ export, parsed_modified)",present,
data/raw/segments/R70_p6.txt,main-repo data/ (gitignored),txt,1437714,2026-04-21,raw vibration segment (contact window),build_dataset.py / ingest.py / run_signal_qa.py,"upstream (DAQ export, parsed_modified)",present,
data/raw/segments/R73_p1.txt,main-repo data/ (gitignored),txt,3244225,2026-04-21,raw vibration segment (contact window),build_dataset.py / ingest.py / run_signal_qa.py,"upstream (DAQ export, parsed_modified)",present,
data/raw/segments/R73_p2.txt,main-repo data/ (gitignored),txt,2885077,2026-04-21,raw vibration segment (contact window),build_dataset.py / ingest.py / run_signal_qa.py,"upstream (DAQ export, parsed_modified)",present,
data/raw/segments/R73_p3.txt,main-repo data/ (gitignored),txt,2461592,2026-04-21,raw vibration segment (contact window),build_dataset.py / ingest.py / run_signal_qa.py,"upstream (DAQ export, parsed_modified)",present,
data/raw/segments/R73_p4.txt,main-repo data/ (gitignored),txt,2105973,2026-04-21,raw vibration segment (contact window),build_dataset.py / ingest.py / run_signal_qa.py,"upstream (DAQ export, parsed_modified)",present,
data/raw/segments/R73_p5.txt,main-repo data/ (gitignored),txt,1830430,2026-04-21,raw vibration segment (contact window),build_dataset.py / ingest.py / run_signal_qa.py,"upstream (DAQ export, parsed_modified)",present,
data/raw/segments/R73_p6.txt,main-repo data/ (gitignored),txt,1501391,2026-04-21,raw vibration segment (contact window),build_dataset.py / ingest.py / run_signal_qa.py,"upstream (DAQ export, parsed_modified)",present,
data/raw/segments/R74_p1.txt,main-repo data/ (gitignored),txt,3220257,2026-04-21,raw vibration segment (contact window),build_dataset.py / ingest.py / run_signal_qa.py,"upstream (DAQ export, parsed_modified)",present,
data/raw/segments/R74_p2.txt,main-repo data/ (gitignored),txt,2936343,2026-04-21,raw vibration segment (contact window),build_dataset.py / ingest.py / run_signal_qa.py,"upstream (DAQ export, parsed_modified)",present,
data/raw/segments/R74_p3.txt,main-repo data/ (gitignored),txt,2577075,2026-04-21,raw vibration segment (contact window),build_dataset.py / ingest.py / run_signal_qa.py,"upstream (DAQ export, parsed_modified)",present,
data/raw/segments/R74_p4.txt,main-repo data/ (gitignored),txt,2233204,2026-04-21,raw vibration segment (contact window),build_dataset.py / ingest.py / run_signal_qa.py,"upstream (DAQ export, parsed_modified)",present,
data/raw/segments/R74_p5.txt,main-repo data/ (gitignored),txt,1881530,2026-04-21,raw vibration segment (contact window),build_dataset.py / ingest.py / run_signal_qa.py,"upstream (DAQ export, parsed_modified)",present,
data/raw/segments/R74_p6.txt,main-repo data/ (gitignored),txt,1416717,2026-04-21,raw vibration segment (contact window),build_dataset.py / ingest.py / run_signal_qa.py,"upstream (DAQ export, parsed_modified)",present,
data/raw/segments/R75_p1.txt,main-repo data/ (gitignored),txt,3221358,2026-04-21,raw vibration segment (contact window),build_dataset.py / ingest.py / run_signal_qa.py,"upstream (DAQ export, parsed_modified)",present,
data/raw/segments/R75_p2.txt,main-repo data/ (gitignored),txt,2921779,2026-04-21,raw vibration segment (contact window),build_dataset.py / ingest.py / run_signal_qa.py,"upstream (DAQ export, parsed_modified)",present,
data/raw/segments/R75_p3.txt,main-repo data/ (gitignored),txt,2606185,2026-04-21,raw vibration segment (contact window),build_dataset.py / ingest.py / run_signal_qa.py,"upstream (DAQ export, parsed_modified)",present,
data/raw/segments/R75_p4.txt,main-repo data/ (gitignored),txt,2202457,2026-04-21,raw vibration segment (contact window),build_dataset.py / ingest.py / run_signal_qa.py,"upstream (DAQ export, parsed_modified)",present,
data/raw/segments/R75_p5.txt,main-repo data/ (gitignored),txt,1822770,2026-04-21,raw vibration segment (contact window),build_dataset.py / ingest.py / run_signal_qa.py,"upstream (DAQ export, parsed_modified)",present,
data/raw/segments/R75_p6.txt,main-repo data/ (gitignored),txt,1456203,2026-04-21,raw vibration segment (contact window),build_dataset.py / ingest.py / run_signal_qa.py,"upstream (DAQ export, parsed_modified)",present,
data/raw/segments/R76_p1.txt,main-repo data/ (gitignored),txt,3227413,2026-04-21,raw vibration segment (contact window),build_dataset.py / ingest.py / run_signal_qa.py,"upstream (DAQ export, parsed_modified)",present,
data/raw/segments/R76_p2.txt,main-repo data/ (gitignored),txt,2879908,2026-04-21,raw vibration segment (contact window),build_dataset.py / ingest.py / run_signal_qa.py,"upstream (DAQ export, parsed_modified)",present,
data/raw/segments/R76_p3.txt,main-repo data/ (gitignored),txt,2539489,2026-04-21,raw vibration segment (contact window),build_dataset.py / ingest.py / run_signal_qa.py,"upstream (DAQ export, parsed_modified)",present,
data/raw/segments/R76_p4.txt,main-repo data/ (gitignored),txt,2209756,2026-04-21,raw vibration segment (contact window),build_dataset.py / ingest.py / run_signal_qa.py,"upstream (DAQ export, parsed_modified)",present,
data/raw/segments/R76_p5.txt,main-repo data/ (gitignored),txt,1824069,2026-04-21,raw vibration segment (contact window),build_dataset.py / ingest.py / run_signal_qa.py,"upstream (DAQ export, parsed_modified)",present,
data/raw/segments/R76_p6.txt,main-repo data/ (gitignored),txt,1439896,2026-04-21,raw vibration segment (contact window),build_dataset.py / ingest.py / run_signal_qa.py,"upstream (DAQ export, parsed_modified)",present,
data/raw/segments/R77_p1.txt,main-repo data/ (gitignored),txt,3290755,2026-04-21,raw vibration segment (contact window),build_dataset.py / ingest.py / run_signal_qa.py,"upstream (DAQ export, parsed_modified)",present,
data/raw/segments/R77_p2.txt,main-repo data/ (gitignored),txt,3160982,2026-04-21,raw vibration segment (contact window),build_dataset.py / ingest.py / run_signal_qa.py,"upstream (DAQ export, parsed_modified)",present,
data/raw/segments/R77_p3.txt,main-repo data/ (gitignored),txt,2637008,2026-04-21,raw vibration segment (contact window),build_dataset.py / ingest.py / run_signal_qa.py,"upstream (DAQ export, parsed_modified)",present,
data/raw/segments/R77_p4.txt,main-repo data/ (gitignored),txt,956908,2026-04-21,raw vibration segment (contact window),build_dataset.py / ingest.py / run_signal_qa.py,"upstream (DAQ export, parsed_modified)",present,
data/raw/targets/vb_targets.csv,main-repo data/ (gitignored),csv,175,2026-05-07,official target zone (VB),"build_dataset.py, ingest.py, all model scripts (via data_loader)",upstream (lab export),present,
data/raw/vibration/axial/full_signals/.gitkeep,main-repo data/ (gitignored),none,0,2026-05-08,legacy empty placeholder layout,,,present,
data/raw/vibration/axial/segments/.gitkeep,main-repo data/ (gitignored),none,0,2026-05-08,legacy empty placeholder layout,,,present,
data/raw/vibration/rotational/full_signals/.gitkeep,main-repo data/ (gitignored),none,0,2026-05-08,legacy empty placeholder layout,,,present,
data/raw/vibration/rotational/segments/.gitkeep,main-repo data/ (gitignored),none,0,2026-05-08,legacy empty placeholder layout,,,present,
data/targets/microscope_vs.csv,main-repo data/ (gitignored),csv,123,2026-05-07,curated target zone (VS - conflicting series),NONE (no code consumes it),manual curation (provenance unclear),present,
notebooks/.gitkeep,worktree(branch),none,2,2026-06-11,notebooks (empty),,,present,
outputs/figures/data_quality/missing_segments_by_experiment.png,worktree(branch),png,24591,2026-06-11,figures,,,present,
outputs/figures/data_quality/raw_file_count_by_experiment.png,worktree(branch),png,29258,2026-06-11,figures,,,present,
outputs/figures/data_quality/vb_distribution.png,worktree(branch),png,25845,2026-06-11,figures,,,present,
outputs/figures/data_quality/vb_vs_experiment_order.png,worktree(branch),png,39600,2026-06-11,figures,,,present,
outputs/figures/eda_fusion/redundancy_heatmap.png,worktree(branch),png,66132,2026-06-11,figures,,,present,
outputs/figures/eda_fusion/top_features_per_direction.png,worktree(branch),png,81885,2026-06-11,figures,,,present,
outputs/figures/features/feature_correlation_heatmap_top30.png,worktree(branch),png,130290,2026-06-11,figures,,,present,
outputs/figures/features/feature_missingness.png,worktree(branch),png,185379,2026-06-11,figures,,,present,
outputs/figures/features/top_correlated_features_with_VB.png,worktree(branch),png,66081,2026-06-11,figures,,,present,
outputs/figures/pinn_ablation_physics_metrics.png,worktree(branch),png,75094,2026-06-11,figures,,,present,
outputs/figures/pinn_comparison_mae.png,worktree(branch),png,100071,2026-06-11,figures,,,present,
outputs/figures/pinn_degeneracy_diagnostic.png,worktree(branch),png,68612,2026-06-11,figures,,,present,
outputs/figures/pinn_rate_energy_consistency.png,worktree(branch),png,48506,2026-06-11,figures,,,present,
outputs/figures/pinn_vb_curve_best.png,worktree(branch),png,91255,2026-06-11,figures,,,present,
outputs/figures/readme/00_project_flow_diagram.png,worktree(branch),png,170667,2026-06-11,figures,,,present,
outputs/figures/readme/09_actual_vs_predicted_multi_LOEO.png,worktree(branch),png,136378,2026-06-11,figures,,,present,
outputs/figures/readme/benchmark_branches_v3.png,worktree(branch),png,74163,2026-06-11,figures,,,present,
outputs/figures/readme/multitool_roadmap_v4.png,worktree(branch),png,141054,2026-06-11,figures,,,present,
outputs/figures/readme/pinn_comparison_mae_v4.png,worktree(branch),png,76416,2026-06-11,figures,,,present,
outputs/figures/readme/pinn_vb_curve_v4.png,worktree(branch),png,81045,2026-06-11,figures,,,present,
outputs/figures/readme/rul_curves_v4.png,worktree(branch),png,98162,2026-06-11,figures,,,present,
outputs/figures/readme/timeaware_comparison_v4.png,worktree(branch),png,69065,2026-06-11,figures,,,present,
outputs/figures/readme/uncertainty_structural_v4.png,worktree(branch),png,32153,2026-06-11,figures,,,present,
outputs/figures/rul_derivation_curves.png,worktree(branch),png,132987,2026-06-11,figures,,,present,
outputs/figures/rul_model_disagreement.png,worktree(branch),png,109394,2026-06-11,figures,,,present,
outputs/figures/shap/10_shap_bar_elasticnet_solo_a_n_ct_grid.png,worktree(branch),png,81727,2026-06-11,figures,,,present,
outputs/figures/shap/10_shap_bar_elasticnet_solo_a_n_ct_random.png,worktree(branch),png,103114,2026-06-11,figures,,,present,
outputs/figures/shap/10_shap_bar_elasticnet_solo_a_n_st.png,worktree(branch),png,102125,2026-06-11,figures,,,present,
outputs/figures/shap/10_shap_bar_xgboost_solo_r_a_ct_random_feature_noise.png,worktree(branch),png,38564,2026-06-11,figures,,,present,
outputs/figures/shap/10_shap_bar_xgboost_solo_r_n_ct_random.png,worktree(branch),png,89363,2026-06-11,figures,,,present,
outputs/figures/shap/10_shap_summary_elasticnet_solo_a_n_ct_grid.png,worktree(branch),png,127375,2026-06-11,figures,,,present,
outputs/figures/shap/10_shap_summary_elasticnet_solo_a_n_ct_random.png,worktree(branch),png,151597,2026-06-11,figures,,,present,
outputs/figures/shap/10_shap_summary_elasticnet_solo_a_n_st.png,worktree(branch),png,150679,2026-06-11,figures,,,present,
outputs/figures/shap/10_shap_summary_xgboost_solo_r_a_ct_random_feature_noise.png,worktree(branch),png,52078,2026-06-11,figures,,,present,
outputs/figures/shap/10_shap_summary_xgboost_solo_r_n_ct_random.png,worktree(branch),png,127606,2026-06-11,figures,,,present,
outputs/figures/signal_branch/barplot_mae_r2_by_branch.png,worktree(branch),png,99359,2026-06-11,figures,,,present,
outputs/figures/signal_branch/best_model_per_branch.png,worktree(branch),png,148055,2026-06-11,figures,,,present,
outputs/figures/signal_branch/metrics_by_branch.csv,worktree(branch),csv,1870,2026-06-11,figures,,,present,
outputs/figures/signal_branch/scatter_grid_model_x_branch.png,worktree(branch),png,684310,2026-06-11,figures,,,present,
outputs/figures/signals/example_contacts_grid_exp66.png,worktree(branch),png,117284,2026-06-11,figures,,,present,
outputs/figures/signals/example_signal_A_p1.png,worktree(branch),png,41920,2026-06-11,figures,,,present,
outputs/figures/signals/example_signal_R_p1.png,worktree(branch),png,42792,2026-06-11,figures,,,present,
outputs/figures/structural_uncertainty_model_disagreement.png,worktree(branch),png,49958,2026-06-11,figures,,,present,
outputs/figures/synthetic_focus_project_graph.png,worktree(branch),png,355067,2026-06-11,figures,,,present,
outputs/figures/synthetic_focus_project_roadmap.png,worktree(branch),png,222800,2026-06-11,figures,,,present,
outputs/figures/time_aware_actual_vs_predicted.png,worktree(branch),png,81819,2026-06-11,figures,,,present,
outputs/figures/time_aware_comparison.png,worktree(branch),png,70421,2026-06-11,figures,,,present,
outputs/figures/uncertainty_rul_bands.png,worktree(branch),png,139943,2026-06-11,figures,,,present,
outputs/figures/uncertainty_t_failure_distribution.png,worktree(branch),png,64673,2026-06-11,figures,,,present,
outputs/figures/uncertainty_vb_bands.png,worktree(branch),png,143176,2026-06-11,figures,,,present,
outputs/metrics/_before_nested_global_tuning/00_cleanup_report.csv,worktree(branch),csv,416,2026-06-11,pipeline metric outputs,reports / figures scripts,pipeline scripts (see script IO map),present,
outputs/metrics/_before_nested_global_tuning/00_leakage_checks.csv,worktree(branch),csv,1048,2026-06-11,pipeline metric outputs,reports / figures scripts,pipeline scripts (see script IO map),present,
outputs/metrics/_before_nested_global_tuning/01_feature_columns.csv,worktree(branch),csv,3169,2026-06-11,pipeline metric outputs,reports / figures scripts,pipeline scripts (see script IO map),present,
outputs/metrics/_before_nested_global_tuning/01_modeling_dataset_summary.csv,worktree(branch),csv,153,2026-06-11,pipeline metric outputs,reports / figures scripts,pipeline scripts (see script IO map),present,
outputs/metrics/_before_nested_global_tuning/02_loeo_folds.csv,worktree(branch),csv,380,2026-06-11,pipeline metric outputs,reports / figures scripts,pipeline scripts (see script IO map),present,
outputs/metrics/_before_nested_global_tuning/03_FUSION_N_ST_loeo_metrics.csv,worktree(branch),csv,1456,2026-06-11,pipeline metric outputs,reports / figures scripts,pipeline scripts (see script IO map),present,
outputs/metrics/_before_nested_global_tuning/03_SOLO_A_N_ST_loeo_metrics.csv,worktree(branch),csv,1449,2026-06-11,pipeline metric outputs,reports / figures scripts,pipeline scripts (see script IO map),present,
outputs/metrics/_before_nested_global_tuning/03_SOLO_R_N_ST_loeo_metrics.csv,worktree(branch),csv,1456,2026-06-11,pipeline metric outputs,reports / figures scripts,pipeline scripts (see script IO map),present,
outputs/metrics/_before_nested_global_tuning/04_FUSION_N_CT_random_loeo_metrics.csv,worktree(branch),csv,1537,2026-06-11,pipeline metric outputs,reports / figures scripts,pipeline scripts (see script IO map),present,
outputs/metrics/_before_nested_global_tuning/04_SOLO_A_N_CT_random_loeo_metrics.csv,worktree(branch),csv,1525,2026-06-11,pipeline metric outputs,reports / figures scripts,pipeline scripts (see script IO map),present,
outputs/metrics/_before_nested_global_tuning/04_SOLO_R_N_CT_random_loeo_metrics.csv,worktree(branch),csv,1529,2026-06-11,pipeline metric outputs,reports / figures scripts,pipeline scripts (see script IO map),present,
outputs/metrics/_before_nested_global_tuning/05_FUSION_N_CT_grid_loeo_metrics.csv,worktree(branch),csv,1503,2026-06-11,pipeline metric outputs,reports / figures scripts,pipeline scripts (see script IO map),present,
outputs/metrics/_before_nested_global_tuning/05_SOLO_A_N_CT_grid_loeo_metrics.csv,worktree(branch),csv,1495,2026-06-11,pipeline metric outputs,reports / figures scripts,pipeline scripts (see script IO map),present,
outputs/metrics/_before_nested_global_tuning/05_SOLO_R_N_CT_grid_loeo_metrics.csv,worktree(branch),csv,1498,2026-06-11,pipeline metric outputs,reports / figures scripts,pipeline scripts (see script IO map),present,
outputs/metrics/_before_nested_global_tuning/06_FUSION_A_ST_feature_noise_loeo_metrics.csv,worktree(branch),csv,1682,2026-06-11,pipeline metric outputs,reports / figures scripts,pipeline scripts (see script IO map),present,
outputs/metrics/_before_nested_global_tuning/06_FUSION_A_ST_feature_scaling_loeo_metrics.csv,worktree(branch),csv,1724,2026-06-11,pipeline metric outputs,reports / figures scripts,pipeline scripts (see script IO map),present,
outputs/metrics/_before_nested_global_tuning/06_FUSION_A_ST_grouped_scaling_loeo_metrics.csv,worktree(branch),csv,1722,2026-06-11,pipeline metric outputs,reports / figures scripts,pipeline scripts (see script IO map),present,
outputs/metrics/_before_nested_global_tuning/06_SOLO_A_A_ST_feature_noise_loeo_metrics.csv,worktree(branch),csv,1678,2026-06-11,pipeline metric outputs,reports / figures scripts,pipeline scripts (see script IO map),present,
outputs/metrics/_before_nested_global_tuning/06_SOLO_A_A_ST_feature_scaling_loeo_metrics.csv,worktree(branch),csv,1707,2026-06-11,pipeline metric outputs,reports / figures scripts,pipeline scripts (see script IO map),present,
outputs/metrics/_before_nested_global_tuning/06_SOLO_A_A_ST_grouped_scaling_loeo_metrics.csv,worktree(branch),csv,1714,2026-06-11,pipeline metric outputs,reports / figures scripts,pipeline scripts (see script IO map),present,
outputs/metrics/_before_nested_global_tuning/06_SOLO_R_A_ST_feature_noise_loeo_metrics.csv,worktree(branch),csv,1679,2026-06-11,pipeline metric outputs,reports / figures scripts,pipeline scripts (see script IO map),present,
outputs/metrics/_before_nested_global_tuning/06_SOLO_R_A_ST_feature_scaling_loeo_metrics.csv,worktree(branch),csv,1713,2026-06-11,pipeline metric outputs,reports / figures scripts,pipeline scripts (see script IO map),present,
outputs/metrics/_before_nested_global_tuning/06_SOLO_R_A_ST_grouped_scaling_loeo_metrics.csv,worktree(branch),csv,1714,2026-06-11,pipeline metric outputs,reports / figures scripts,pipeline scripts (see script IO map),present,
outputs/metrics/_before_nested_global_tuning/07_FUSION_A_CT_random_feature_noise_loeo_metrics.csv,worktree(branch),csv,1746,2026-06-11,pipeline metric outputs,reports / figures scripts,pipeline scripts (see script IO map),present,
outputs/metrics/_before_nested_global_tuning/07_FUSION_A_CT_random_feature_scaling_loeo_metrics.csv,worktree(branch),csv,1795,2026-06-11,pipeline metric outputs,reports / figures scripts,pipeline scripts (see script IO map),present,
outputs/metrics/_before_nested_global_tuning/07_FUSION_A_CT_random_grouped_scaling_loeo_metrics.csv,worktree(branch),csv,1802,2026-06-11,pipeline metric outputs,reports / figures scripts,pipeline scripts (see script IO map),present,
outputs/metrics/_before_nested_global_tuning/07_SOLO_A_A_CT_random_feature_noise_loeo_metrics.csv,worktree(branch),csv,1749,2026-06-11,pipeline metric outputs,reports / figures scripts,pipeline scripts (see script IO map),present,
outputs/metrics/_before_nested_global_tuning/07_SOLO_A_A_CT_random_feature_scaling_loeo_metrics.csv,worktree(branch),csv,1784,2026-06-11,pipeline metric outputs,reports / figures scripts,pipeline scripts (see script IO map),present,
outputs/metrics/_before_nested_global_tuning/07_SOLO_A_A_CT_random_grouped_scaling_loeo_metrics.csv,worktree(branch),csv,1787,2026-06-11,pipeline metric outputs,reports / figures scripts,pipeline scripts (see script IO map),present,
outputs/metrics/_before_nested_global_tuning/07_SOLO_R_A_CT_random_feature_noise_loeo_metrics.csv,worktree(branch),csv,1736,2026-06-11,pipeline metric outputs,reports / figures scripts,pipeline scripts (see script IO map),present,
outputs/metrics/_before_nested_global_tuning/07_SOLO_R_A_CT_random_feature_scaling_loeo_metrics.csv,worktree(branch),csv,1789,2026-06-11,pipeline metric outputs,reports / figures scripts,pipeline scripts (see script IO map),present,
outputs/metrics/_before_nested_global_tuning/07_SOLO_R_A_CT_random_grouped_scaling_loeo_metrics.csv,worktree(branch),csv,1787,2026-06-11,pipeline metric outputs,reports / figures scripts,pipeline scripts (see script IO map),present,
outputs/metrics/_before_nested_global_tuning/08_FUSION_A_CT_grid_feature_noise_loeo_metrics.csv,worktree(branch),csv,1716,2026-06-11,pipeline metric outputs,reports / figures scripts,pipeline scripts (see script IO map),present,
outputs/metrics/_before_nested_global_tuning/08_FUSION_A_CT_grid_feature_scaling_loeo_metrics.csv,worktree(branch),csv,1758,2026-06-11,pipeline metric outputs,reports / figures scripts,pipeline scripts (see script IO map),present,
outputs/metrics/_before_nested_global_tuning/08_FUSION_A_CT_grid_grouped_scaling_loeo_metrics.csv,worktree(branch),csv,1765,2026-06-11,pipeline metric outputs,reports / figures scripts,pipeline scripts (see script IO map),present,
outputs/metrics/_before_nested_global_tuning/08_SOLO_A_A_CT_grid_feature_noise_loeo_metrics.csv,worktree(branch),csv,1720,2026-06-11,pipeline metric outputs,reports / figures scripts,pipeline scripts (see script IO map),present,
outputs/metrics/_before_nested_global_tuning/08_SOLO_A_A_CT_grid_feature_scaling_loeo_metrics.csv,worktree(branch),csv,1753,2026-06-11,pipeline metric outputs,reports / figures scripts,pipeline scripts (see script IO map),present,
outputs/metrics/_before_nested_global_tuning/08_SOLO_A_A_CT_grid_grouped_scaling_loeo_metrics.csv,worktree(branch),csv,1758,2026-06-11,pipeline metric outputs,reports / figures scripts,pipeline scripts (see script IO map),present,
outputs/metrics/_before_nested_global_tuning/08_SOLO_R_A_CT_grid_feature_noise_loeo_metrics.csv,worktree(branch),csv,1708,2026-06-11,pipeline metric outputs,reports / figures scripts,pipeline scripts (see script IO map),present,
outputs/metrics/_before_nested_global_tuning/08_SOLO_R_A_CT_grid_feature_scaling_loeo_metrics.csv,worktree(branch),csv,1758,2026-06-11,pipeline metric outputs,reports / figures scripts,pipeline scripts (see script IO map),present,
outputs/metrics/_before_nested_global_tuning/08_SOLO_R_A_CT_grid_grouped_scaling_loeo_metrics.csv,worktree(branch),csv,1758,2026-06-11,pipeline metric outputs,reports / figures scripts,pipeline scripts (see script IO map),present,
outputs/metrics/_before_nested_global_tuning/09_all_metrics.csv,worktree(branch),csv,53310,2026-06-11,pipeline metric outputs,reports / figures scripts,pipeline scripts (see script IO map),present,
outputs/metrics/_before_nested_global_tuning/09_augmentation_effect_summary.csv,worktree(branch),csv,950,2026-06-11,pipeline metric outputs,reports / figures scripts,pipeline scripts (see script IO map),present,
outputs/metrics/_before_nested_global_tuning/09_branch_best_summary.csv,worktree(branch),csv,4882,2026-06-11,pipeline metric outputs,reports / figures scripts,pipeline scripts (see script IO map),present,
outputs/metrics/_before_nested_global_tuning/09_branch_execution_summary.csv,worktree(branch),csv,3401,2026-06-11,pipeline metric outputs,reports / figures scripts,pipeline scripts (see script IO map),present,
outputs/metrics/_before_nested_global_tuning/09_delta_vs_baseline.csv,worktree(branch),csv,9098,2026-06-11,pipeline metric outputs,reports / figures scripts,pipeline scripts (see script IO map),present,
outputs/metrics/_before_nested_global_tuning/09_figure_purpose_map.csv,worktree(branch),csv,4791,2026-06-11,pipeline metric outputs,reports / figures scripts,pipeline scripts (see script IO map),present,
outputs/metrics/_before_nested_global_tuning/09_final_layered_ranking.csv,worktree(branch),csv,60458,2026-06-11,pipeline metric outputs,reports / figures scripts,pipeline scripts (see script IO map),present,
outputs/metrics/_before_nested_global_tuning/09_model_evolution_by_model.csv,worktree(branch),csv,16139,2026-06-11,pipeline metric outputs,reports / figures scripts,pipeline scripts (see script IO map),present,
outputs/metrics/_before_nested_global_tuning/09_model_evolution_summary.csv,worktree(branch),csv,8363,2026-06-11,pipeline metric outputs,reports / figures scripts,pipeline scripts (see script IO map),present,
outputs/metrics/_before_nested_global_tuning/09_predictions_overlay_selected.csv,worktree(branch),csv,5588,2026-06-11,pipeline metric outputs,reports / figures scripts,pipeline scripts (see script IO map),present,
outputs/metrics/_before_nested_global_tuning/09_random_vs_grid_summary.csv,worktree(branch),csv,415,2026-06-11,pipeline metric outputs,reports / figures scripts,pipeline scripts (see script IO map),present,
outputs/metrics/_before_nested_global_tuning/09_tuning_effect_summary.csv,worktree(branch),csv,561,2026-06-11,pipeline metric outputs,reports / figures scripts,pipeline scripts (see script IO map),present,
outputs/metrics/_before_nested_global_tuning/09_tuning_results_all.csv,worktree(branch),csv,67216,2026-06-11,pipeline metric outputs,reports / figures scripts,pipeline scripts (see script IO map),present,
outputs/metrics/_before_nested_global_tuning/story_preds.json,worktree(branch),json,659,2026-06-11,pipeline metric outputs,reports / figures scripts,pipeline scripts (see script IO map),present,
outputs/metrics/benchmark_before_after_nested_tuning_minimal.csv,worktree(branch),csv,31989,2026-06-11,pipeline metric outputs,reports / figures scripts,pipeline scripts (see script IO map),present,
outputs/metrics/c1_lambda_mono_sweep_SOLO_A_N_ST.csv,worktree(branch),csv,245,2026-06-11,pipeline metric outputs,reports / figures scripts,pipeline scripts (see script IO map),present,
outputs/metrics/c2_lambda_rate_sweep_FUSION_N_ST.csv,worktree(branch),csv,260,2026-06-11,pipeline metric outputs,reports / figures scripts,pipeline scripts (see script IO map),present,
outputs/metrics/data_inventory.csv,worktree(branch),csv,12212,2026-06-11,pipeline metric outputs,reports / figures scripts,pipeline scripts (see script IO map),present,
outputs/metrics/feature_columns.csv,worktree(branch),csv,6465,2026-06-11,pipeline metric outputs,reports / figures scripts,pipeline scripts (see script IO map),present,
outputs/metrics/feature_correlation.csv,worktree(branch),csv,4517,2026-06-11,pipeline metric outputs,reports / figures scripts,pipeline scripts (see script IO map),present,
outputs/metrics/feature_redundancy_vif.csv,worktree(branch),csv,638,2026-06-11,pipeline metric outputs,reports / figures scripts,pipeline scripts (see script IO map),present,
outputs/metrics/ingest_inventory.csv,worktree(branch),csv,573,2026-06-11,pipeline metric outputs,reports / figures scripts,pipeline scripts (see script IO map),present,
outputs/metrics/layered_pipeline/00_cleanup_report.csv,worktree(branch),csv,416,2026-06-11,pipeline metric outputs,reports / figures scripts,pipeline scripts (see script IO map),present,
outputs/metrics/layered_pipeline/00_leakage_checks.csv,worktree(branch),csv,843,2026-06-11,pipeline metric outputs,reports / figures scripts,pipeline scripts (see script IO map),present,
outputs/metrics/layered_pipeline/01_feature_columns.csv,worktree(branch),csv,3169,2026-06-11,pipeline metric outputs,reports / figures scripts,pipeline scripts (see script IO map),present,
outputs/metrics/layered_pipeline/01_modeling_dataset_summary.csv,worktree(branch),csv,153,2026-06-11,pipeline metric outputs,reports / figures scripts,pipeline scripts (see script IO map),present,
outputs/metrics/layered_pipeline/02_loeo_folds.csv,worktree(branch),csv,380,2026-06-11,pipeline metric outputs,reports / figures scripts,pipeline scripts (see script IO map),present,
outputs/metrics/layered_pipeline/09_all_metrics.csv,worktree(branch),csv,39558,2026-06-11,pipeline metric outputs,reports / figures scripts,pipeline scripts (see script IO map),present,
outputs/metrics/layered_pipeline/09_tuning_results_all.csv,worktree(branch),csv,195709,2026-06-11,pipeline metric outputs,reports / figures scripts,pipeline scripts (see script IO map),present,
outputs/metrics/layered_pipeline/_resume_completed_branches.txt,worktree(branch),txt,737,2026-06-11,pipeline metric outputs,reports / figures scripts,pipeline scripts (see script IO map),present,
outputs/metrics/leakage_checks.csv,worktree(branch),csv,843,2026-06-11,pipeline metric outputs,reports / figures scripts,pipeline scripts (see script IO map),present,
outputs/metrics/missing_segments.csv,worktree(branch),csv,191,2026-06-11,pipeline metric outputs,reports / figures scripts,pipeline scripts (see script IO map),present,
outputs/metrics/nested_tuning_audit.csv,worktree(branch),csv,130014,2026-06-11,pipeline metric outputs,reports / figures scripts,pipeline scripts (see script IO map),present,
outputs/metrics/output_audit/csv_audit.csv,worktree(branch),csv,7322,2026-06-11,pipeline metric outputs,reports / figures scripts,pipeline scripts (see script IO map),present,
outputs/metrics/output_audit/csv_folder_summary.csv,worktree(branch),csv,283,2026-06-11,pipeline metric outputs,reports / figures scripts,pipeline scripts (see script IO map),present,
outputs/metrics/output_audit/figures_audit.csv,worktree(branch),csv,8038,2026-06-11,pipeline metric outputs,reports / figures scripts,pipeline scripts (see script IO map),present,
outputs/metrics/output_audit/figures_folder_summary.csv,worktree(branch),csv,3514,2026-06-11,pipeline metric outputs,reports / figures scripts,pipeline scripts (see script IO map),present,
outputs/metrics/output_manifest.csv,worktree(branch),csv,18855,2026-06-11,pipeline metric outputs,reports / figures scripts,pipeline scripts (see script IO map),present,
outputs/metrics/p1_closure_summary.csv,worktree(branch),csv,1086,2026-06-11,pipeline metric outputs,reports / figures scripts,pipeline scripts (see script IO map),present,
outputs/metrics/physics_validation.csv,worktree(branch),csv,684,2026-06-11,pipeline metric outputs,reports / figures scripts,pipeline scripts (see script IO map),present,
outputs/metrics/pinn_comparison_results.csv,worktree(branch),csv,3988,2026-06-11,pipeline metric outputs,reports / figures scripts,pipeline scripts (see script IO map),present,
outputs/metrics/pinn_fold_predictions.csv,worktree(branch),csv,9715,2026-06-11,pipeline metric outputs,reports / figures scripts,pipeline scripts (see script IO map),present,
outputs/metrics/rul_derivation_results.csv,worktree(branch),csv,7375,2026-06-11,pipeline metric outputs,reports / figures scripts,pipeline scripts (see script IO map),present,
outputs/metrics/rul_threshold_summary.csv,worktree(branch),csv,666,2026-06-11,pipeline metric outputs,reports / figures scripts,pipeline scripts (see script IO map),present,
outputs/metrics/shap/10_shap_feature_ranking_elasticnet_solo_a_n_ct_grid.csv,worktree(branch),csv,8070,2026-06-11,pipeline metric outputs,reports / figures scripts,pipeline scripts (see script IO map),present,
outputs/metrics/shap/10_shap_feature_ranking_elasticnet_solo_a_n_ct_random.csv,worktree(branch),csv,7787,2026-06-11,pipeline metric outputs,reports / figures scripts,pipeline scripts (see script IO map),present,
outputs/metrics/shap/10_shap_feature_ranking_elasticnet_solo_a_n_st.csv,worktree(branch),csv,7122,2026-06-11,pipeline metric outputs,reports / figures scripts,pipeline scripts (see script IO map),present,
outputs/metrics/shap/10_shap_feature_ranking_xgboost_solo_r_a_ct_random_feature_noise.csv,worktree(branch),csv,6871,2026-06-11,pipeline metric outputs,reports / figures scripts,pipeline scripts (see script IO map),present,
outputs/metrics/shap/10_shap_feature_ranking_xgboost_solo_r_n_ct_random.csv,worktree(branch),csv,5603,2026-06-11,pipeline metric outputs,reports / figures scripts,pipeline scripts (see script IO map),present,
outputs/metrics/shap/10_shap_selected_models.csv,worktree(branch),csv,389,2026-06-11,pipeline metric outputs,reports / figures scripts,pipeline scripts (see script IO map),present,
outputs/metrics/shap/10_shap_values_elasticnet_solo_a_n_ct_grid.csv,worktree(branch),csv,81468,2026-06-11,pipeline metric outputs,reports / figures scripts,pipeline scripts (see script IO map),present,
outputs/metrics/shap/10_shap_values_elasticnet_solo_a_n_ct_random.csv,worktree(branch),csv,78342,2026-06-11,pipeline metric outputs,reports / figures scripts,pipeline scripts (see script IO map),present,
outputs/metrics/shap/10_shap_values_elasticnet_solo_a_n_st.csv,worktree(branch),csv,71692,2026-06-11,pipeline metric outputs,reports / figures scripts,pipeline scripts (see script IO map),present,
outputs/metrics/shap/10_shap_values_xgboost_solo_r_a_ct_random_feature_noise.csv,worktree(branch),csv,81586,2026-06-11,pipeline metric outputs,reports / figures scripts,pipeline scripts (see script IO map),present,
outputs/metrics/shap/10_shap_values_xgboost_solo_r_n_ct_random.csv,worktree(branch),csv,68373,2026-06-11,pipeline metric outputs,reports / figures scripts,pipeline scripts (see script IO map),present,
outputs/metrics/structural_uncertainty_summary.csv,worktree(branch),csv,795,2026-06-11,pipeline metric outputs,reports / figures scripts,pipeline scripts (see script IO map),present,
outputs/metrics/t01_signal_qa.csv,worktree(branch),csv,20668,2026-06-11,pipeline metric outputs,p7 reports,scripts/run_signal_qa.py,present,
outputs/metrics/time_aware_results.csv,worktree(branch),csv,2634,2026-06-11,pipeline metric outputs,reports / figures scripts,pipeline scripts (see script IO map),present,
outputs/metrics/time_aware_vs_sensor_only.csv,worktree(branch),csv,1420,2026-06-11,pipeline metric outputs,reports / figures scripts,pipeline scripts (see script IO map),present,
outputs/metrics/uncertainty_failure_distribution.csv,worktree(branch),csv,38142,2026-06-11,pipeline metric outputs,reports / figures scripts,pipeline scripts (see script IO map),present,
outputs/metrics/uncertainty_rul_distribution.csv,worktree(branch),csv,4771,2026-06-11,pipeline metric outputs,reports / figures scripts,pipeline scripts (see script IO map),present,
outputs/metrics/uncertainty_vb_bands.csv,worktree(branch),csv,828295,2026-06-11,pipeline metric outputs,reports / figures scripts,pipeline scripts (see script IO map),present,
outputs/reports/Baseline Models.pptx,worktree(branch),pptx,449012,2026-06-11,,,,present,
outputs/reports/tool_wear_pipeline_Manuel_Pusma.pptx,worktree(branch),pptx,6385789,2026-06-11,,,,present,
outputs/reports/tool_wear_pipeline_Manuel_Pusma_EN.pptx,worktree(branch),pptx,6368617,2026-06-11,,,,present,
paper/README.md,worktree(branch),md,2823,2026-06-11,IEEE paper workspace,,,present,
paper/figure_mapping/.gitkeep,worktree(branch),none,0,2026-06-11,IEEE paper workspace,,,present,
paper/figure_mapping/figure_audit_p6.csv,worktree(branch),csv,4403,2026-06-11,IEEE paper workspace,,,present,
paper/figure_mapping/figure_audit_p6.md,worktree(branch),md,4015,2026-06-11,IEEE paper workspace,,,present,
paper/figure_mapping/figure_contact_sheet_p6.png,worktree(branch),png,692027,2026-06-11,IEEE paper workspace,,,present,
paper/figure_mapping/figure_dimensions_p6.csv,worktree(branch),csv,986,2026-06-11,IEEE paper workspace,,,present,
paper/figure_mapping/figure_mapping_p6.csv,worktree(branch),csv,5405,2026-06-11,IEEE paper workspace,,,present,
paper/generated_sections/.gitkeep,worktree(branch),none,0,2026-06-11,IEEE paper workspace,,,present,
paper/generated_sections/abstract_p6_draft.tex,worktree(branch),tex,2588,2026-06-11,IEEE paper workspace,,,present,
paper/generated_sections/conclusion_p6_draft.tex,worktree(branch),tex,2031,2026-06-11,IEEE paper workspace,,,present,
paper/generated_sections/discussion_p6_draft.tex,worktree(branch),tex,3725,2026-06-11,IEEE paper workspace,,,present,
paper/generated_sections/experimental_protocol_p6_draft.tex,worktree(branch),tex,3919,2026-06-11,IEEE paper workspace,,,present,
paper/generated_sections/future_work_p6_draft.tex,worktree(branch),tex,3321,2026-06-11,IEEE paper workspace,,,present,
paper/generated_sections/introduction_p6_draft.tex,worktree(branch),tex,3926,2026-06-11,IEEE paper workspace,,,present,
paper/generated_sections/limitations_p6_draft.tex,worktree(branch),tex,2726,2026-06-11,IEEE paper workspace,,,present,
paper/generated_sections/methodology_p6_draft.tex,worktree(branch),tex,5522,2026-06-11,IEEE paper workspace,,,present,
paper/generated_sections/overleaf_light_report.md,worktree(branch),md,2911,2026-06-11,IEEE paper workspace,,,present,
paper/generated_sections/p6_integration_plan.md,worktree(branch),md,8703,2026-06-11,IEEE paper workspace,,,present,
paper/generated_sections/pdf_qa_report_v4.md,worktree(branch),md,4761,2026-06-11,IEEE paper workspace,,,present,
paper/generated_sections/references_needed.md,worktree(branch),md,1993,2026-06-11,IEEE paper workspace,,,present,
paper/generated_sections/results_p6_draft.tex,worktree(branch),tex,6967,2026-06-11,IEEE paper workspace,,,present,
paper/generated_sections/visual_qa_report_v3.md,worktree(branch),md,3942,2026-06-11,IEEE paper workspace,,,present,
paper/overleaf_extracted/.gitkeep,worktree(branch),none,0,2026-06-11,IEEE paper workspace,,,present,
paper/overleaf_extracted/phm_pinn_paper_scaffold_overleaf/EXTRACTION_MANIFEST.md,worktree(branch),md,1692,2026-06-11,IEEE paper workspace,,,present,
paper/overleaf_extracted/phm_pinn_paper_scaffold_overleaf/phm_pinn_paper_skeleton/README_OVERLEAF.md,worktree(branch),md,1397,2026-06-11,IEEE paper workspace,,,present,
paper/overleaf_extracted/phm_pinn_paper_scaffold_overleaf/phm_pinn_paper_skeleton/figures/.gitkeep,worktree(branch),none,0,2026-06-11,IEEE paper workspace,,,present,
paper/overleaf_extracted/phm_pinn_paper_scaffold_overleaf/phm_pinn_paper_skeleton/figures/benchmark_branches_v3.png,worktree(branch),png,74163,2026-06-11,IEEE paper workspace,,,present,
paper/overleaf_extracted/phm_pinn_paper_scaffold_overleaf/phm_pinn_paper_skeleton/figures/multitool_roadmap_v2.png,worktree(branch),png,157060,2026-06-11,IEEE paper workspace,,,present,
paper/overleaf_extracted/phm_pinn_paper_scaffold_overleaf/phm_pinn_paper_skeleton/figures/multitool_roadmap_v4.png,worktree(branch),png,141054,2026-06-11,IEEE paper workspace,,,present,
paper/overleaf_extracted/phm_pinn_paper_scaffold_overleaf/phm_pinn_paper_skeleton/figures/optional/rul_disagreement.png,worktree(branch),png,109394,2026-06-11,IEEE paper workspace,,,present,
paper/overleaf_extracted/phm_pinn_paper_scaffold_overleaf/phm_pinn_paper_skeleton/figures/optional/uncertainty_tfail_dist.png,worktree(branch),png,64673,2026-06-11,IEEE paper workspace,,,present,
paper/overleaf_extracted/phm_pinn_paper_scaffold_overleaf/phm_pinn_paper_skeleton/figures/originals/benchmark_branches.png,worktree(branch),png,305602,2026-06-11,IEEE paper workspace,,,present,
paper/overleaf_extracted/phm_pinn_paper_scaffold_overleaf/phm_pinn_paper_skeleton/figures/originals/benchmark_branches_v2.png,worktree(branch),png,92671,2026-06-11,IEEE paper workspace,,,present,
paper/overleaf_extracted/phm_pinn_paper_scaffold_overleaf/phm_pinn_paper_skeleton/figures/originals/multitool_roadmap.png,worktree(branch),png,69833,2026-06-11,IEEE paper workspace,,,present,
paper/overleaf_extracted/phm_pinn_paper_scaffold_overleaf/phm_pinn_paper_skeleton/figures/originals/pinn_comparison_mae.png,worktree(branch),png,100071,2026-06-11,IEEE paper workspace,,,present,
paper/overleaf_extracted/phm_pinn_paper_scaffold_overleaf/phm_pinn_paper_skeleton/figures/originals/pinn_comparison_mae_v2.png,worktree(branch),png,109281,2026-06-11,IEEE paper workspace,,,present,
paper/overleaf_extracted/phm_pinn_paper_scaffold_overleaf/phm_pinn_paper_skeleton/figures/originals/pinn_physical_metrics.png,worktree(branch),png,75094,2026-06-11,IEEE paper workspace,,,present,
paper/overleaf_extracted/phm_pinn_paper_scaffold_overleaf/phm_pinn_paper_skeleton/figures/originals/pinn_vb_curve.png,worktree(branch),png,91255,2026-06-11,IEEE paper workspace,,,present,
paper/overleaf_extracted/phm_pinn_paper_scaffold_overleaf/phm_pinn_paper_skeleton/figures/originals/pinn_vb_curve_v2.png,worktree(branch),png,114768,2026-06-11,IEEE paper workspace,,,present,
paper/overleaf_extracted/phm_pinn_paper_scaffold_overleaf/phm_pinn_paper_skeleton/figures/originals/rul_curves.png,worktree(branch),png,132987,2026-06-11,IEEE paper workspace,,,present,
paper/overleaf_extracted/phm_pinn_paper_scaffold_overleaf/phm_pinn_paper_skeleton/figures/originals/rul_curves_v2.png,worktree(branch),png,130163,2026-06-11,IEEE paper workspace,,,present,
paper/overleaf_extracted/phm_pinn_paper_scaffold_overleaf/phm_pinn_paper_skeleton/figures/originals/timeaware_comparison.png,worktree(branch),png,70421,2026-06-11,IEEE paper workspace,,,present,
paper/overleaf_extracted/phm_pinn_paper_scaffold_overleaf/phm_pinn_paper_skeleton/figures/originals/timeaware_comparison_v2.png,worktree(branch),png,96639,2026-06-11,IEEE paper workspace,,,present,
paper/overleaf_extracted/phm_pinn_paper_scaffold_overleaf/phm_pinn_paper_skeleton/figures/originals/uncertainty_structural.png,worktree(branch),png,49958,2026-06-11,IEEE paper workspace,,,present,
paper/overleaf_extracted/phm_pinn_paper_scaffold_overleaf/phm_pinn_paper_skeleton/figures/originals/uncertainty_structural_v2.png,worktree(branch),png,79774,2026-06-11,IEEE paper workspace,,,present,
paper/overleaf_extracted/phm_pinn_paper_scaffold_overleaf/phm_pinn_paper_skeleton/figures/originals/uncertainty_vb_bands.png,worktree(branch),png,143176,2026-06-11,IEEE paper workspace,,,present,
paper/overleaf_extracted/phm_pinn_paper_scaffold_overleaf/phm_pinn_paper_skeleton/figures/pinn_comparison_mae_v3.png,worktree(branch),png,103912,2026-06-11,IEEE paper workspace,,,present,
paper/overleaf_extracted/phm_pinn_paper_scaffold_overleaf/phm_pinn_paper_skeleton/figures/pinn_comparison_mae_v4.png,worktree(branch),png,76416,2026-06-11,IEEE paper workspace,,,present,
paper/overleaf_extracted/phm_pinn_paper_scaffold_overleaf/phm_pinn_paper_skeleton/figures/pinn_physical_metrics_v2.png,worktree(branch),png,113884,2026-06-11,IEEE paper workspace,,,present,
paper/overleaf_extracted/phm_pinn_paper_scaffold_overleaf/phm_pinn_paper_skeleton/figures/pinn_physical_metrics_v4.png,worktree(branch),png,104789,2026-06-11,IEEE paper workspace,,,present,
paper/overleaf_extracted/phm_pinn_paper_scaffold_overleaf/phm_pinn_paper_skeleton/figures/pinn_vb_curve_v3.png,worktree(branch),png,99135,2026-06-11,IEEE paper workspace,,,present,
paper/overleaf_extracted/phm_pinn_paper_scaffold_overleaf/phm_pinn_paper_skeleton/figures/pinn_vb_curve_v4.png,worktree(branch),png,81045,2026-06-11,IEEE paper workspace,,,present,
paper/overleaf_extracted/phm_pinn_paper_scaffold_overleaf/phm_pinn_paper_skeleton/figures/rul_curves_v3.png,worktree(branch),png,119386,2026-06-11,IEEE paper workspace,,,present,
paper/overleaf_extracted/phm_pinn_paper_scaffold_overleaf/phm_pinn_paper_skeleton/figures/rul_curves_v4.png,worktree(branch),png,98162,2026-06-11,IEEE paper workspace,,,present,
paper/overleaf_extracted/phm_pinn_paper_scaffold_overleaf/phm_pinn_paper_skeleton/figures/timeaware_comparison_v3.png,worktree(branch),png,84582,2026-06-11,IEEE paper workspace,,,present,
paper/overleaf_extracted/phm_pinn_paper_scaffold_overleaf/phm_pinn_paper_skeleton/figures/timeaware_comparison_v4.png,worktree(branch),png,69065,2026-06-11,IEEE paper workspace,,,present,
paper/overleaf_extracted/phm_pinn_paper_scaffold_overleaf/phm_pinn_paper_skeleton/figures/uncertainty_structural_v3.png,worktree(branch),png,57532,2026-06-11,IEEE paper workspace,,,present,
paper/overleaf_extracted/phm_pinn_paper_scaffold_overleaf/phm_pinn_paper_skeleton/figures/uncertainty_structural_v4.png,worktree(branch),png,32153,2026-06-11,IEEE paper workspace,,,present,
paper/overleaf_extracted/phm_pinn_paper_scaffold_overleaf/phm_pinn_paper_skeleton/figures/uncertainty_vb_bands_v2.png,worktree(branch),png,159666,2026-06-11,IEEE paper workspace,,,present,
paper/overleaf_extracted/phm_pinn_paper_scaffold_overleaf/phm_pinn_paper_skeleton/figures/uncertainty_vb_bands_v4.png,worktree(branch),png,158261,2026-06-11,IEEE paper workspace,,,present,
paper/overleaf_extracted/phm_pinn_paper_scaffold_overleaf/phm_pinn_paper_skeleton/main.pdf,worktree(branch),pdf,237422,2026-06-11,IEEE paper workspace,,,present,
paper/overleaf_extracted/phm_pinn_paper_scaffold_overleaf/phm_pinn_paper_skeleton/main.tex,worktree(branch),tex,4624,2026-06-11,IEEE paper workspace,,,present,
paper/overleaf_extracted/phm_pinn_paper_scaffold_overleaf/phm_pinn_paper_skeleton/references.bib,worktree(branch),bib,4794,2026-06-11,IEEE paper workspace,,,present,
paper/overleaf_extracted/phm_pinn_paper_scaffold_overleaf/phm_pinn_paper_skeleton/sections/01_introduction.tex,worktree(branch),tex,4477,2026-06-11,IEEE paper workspace,,,present,
paper/overleaf_extracted/phm_pinn_paper_scaffold_overleaf/phm_pinn_paper_skeleton/sections/02_related_work.tex,worktree(branch),tex,2823,2026-06-11,IEEE paper workspace,,,present,
paper/overleaf_extracted/phm_pinn_paper_scaffold_overleaf/phm_pinn_paper_skeleton/sections/03_methodology.tex,worktree(branch),tex,7561,2026-06-11,IEEE paper workspace,,,present,
paper/overleaf_extracted/phm_pinn_paper_scaffold_overleaf/phm_pinn_paper_skeleton/sections/04_experimental_protocol.tex,worktree(branch),tex,5934,2026-06-11,IEEE paper workspace,,,present,
paper/overleaf_extracted/phm_pinn_paper_scaffold_overleaf/phm_pinn_paper_skeleton/sections/05_results.tex,worktree(branch),tex,13649,2026-06-11,IEEE paper workspace,,,present,
paper/overleaf_extracted/phm_pinn_paper_scaffold_overleaf/phm_pinn_paper_skeleton/sections/06_discussion.tex,worktree(branch),tex,5980,2026-06-11,IEEE paper workspace,,,present,
paper/overleaf_extracted/phm_pinn_paper_scaffold_overleaf/phm_pinn_paper_skeleton/sections/07_limitations.tex,worktree(branch),tex,2726,2026-06-11,IEEE paper workspace,,,present,
paper/overleaf_extracted/phm_pinn_paper_scaffold_overleaf/phm_pinn_paper_skeleton/sections/08_future_work.tex,worktree(branch),tex,4445,2026-06-11,IEEE paper workspace,,,present,
paper/overleaf_extracted/phm_pinn_paper_scaffold_overleaf/phm_pinn_paper_skeleton/sections/09_conclusion.tex,worktree(branch),tex,2254,2026-06-11,IEEE paper workspace,,,present,
paper/overleaf_extracted/phm_pinn_paper_scaffold_overleaf/phm_pinn_paper_skeleton/sections/appendix_a_audit_questions.tex,worktree(branch),tex,2436,2026-06-11,IEEE paper workspace,,,present,
paper/overleaf_extracted/phm_pinn_paper_scaffold_overleaf/phm_pinn_paper_skeleton/sections/appendix_b_file_plan.tex,worktree(branch),tex,951,2026-06-11,IEEE paper workspace,,,present,
paper/overleaf_inbox/.gitkeep,worktree(branch),none,0,2026-06-11,IEEE paper workspace,,,present,
paper/overleaf_inbox/phm_pinn_paper_scaffold_overleaf.zip,worktree(branch),zip,253109,2026-06-11,IEEE paper workspace,,,present,
paper/phm_pinn_paper_overleaf_integrated.zip,worktree(branch),zip,774788,2026-06-11,IEEE paper workspace,,,present,
paper/phm_pinn_paper_overleaf_integrated_light.zip,worktree(branch),zip,382842,2026-06-11,IEEE paper workspace,,,present,
paper/phm_pinn_paper_overleaf_integrated_light_v3.zip,worktree(branch),zip,356759,2026-06-11,IEEE paper workspace,,,present,
paper/phm_pinn_paper_overleaf_integrated_light_v4.zip,worktree(branch),zip,356962,2026-06-11,IEEE paper workspace,,,present,
paper/phm_pinn_paper_overleaf_integrated_light_v5.zip,worktree(branch),zip,301159,2026-06-11,IEEE paper workspace,,,present,
paper/phm_pinn_paper_overleaf_integrated_light_v6.zip,worktree(branch),zip,301192,2026-06-11,IEEE paper workspace,,,present,
reports/data_ingestion_architecture.md,worktree(branch),md,7485,2026-06-11,project reports / planning docs,,,present,
reports/executive_summary.md,worktree(branch),md,2969,2026-06-11,project reports / planning docs,,,present,
reports/external_datasets_role_plan.md,worktree(branch),md,4459,2026-06-11,project reports / planning docs,,,present,
reports/implementation_roadmap.md,worktree(branch),md,18748,2026-06-11,project reports / planning docs,,,present,
reports/methodology_notes.md,worktree(branch),md,17718,2026-06-11,project reports / planning docs,,,present,
reports/multi_tool_ingestion_plan.md,worktree(branch),md,4180,2026-06-11,project reports / planning docs,,,present,
reports/p7_questions_for_lab_supervisor.md,worktree(branch),md,3715,2026-06-11,project reports / planning docs,,,present,
reports/p7_t01_data_truth_reconciliation.md,worktree(branch),md,15338,2026-06-11,project reports / planning docs,,,present,
reports/physics_spec.md,worktree(branch),md,8229,2026-06-11,project reports / planning docs,,,present,
reports/pinn_calibration_log.md,worktree(branch),md,6162,2026-06-11,project reports / planning docs,,,present,
reports/pinn_comparison.md,worktree(branch),md,5050,2026-06-11,project reports / planning docs,,,present,
reports/pinn_evolution_baseline.md,worktree(branch),md,6753,2026-06-11,project reports / planning docs,,,present,
reports/pinn_integration_and_calibration.md,worktree(branch),md,10503,2026-06-11,project reports / planning docs,,,present,
reports/revised_paper_outline_synthetic_focus.md,worktree(branch),md,7599,2026-06-11,project reports / planning docs,,,present,
reports/revised_readme_slide_story_synthetic_focus.md,worktree(branch),md,6364,2026-06-11,project reports / planning docs,,,present,
reports/rul_derivation.md,worktree(branch),md,2832,2026-06-11,project reports / planning docs,,,present,
reports/strategic_refocus_synthetic_tool_wear.md,worktree(branch),md,9282,2026-06-11,project reports / planning docs,,,present,
reports/synthetic_data_validation_protocol.md,worktree(branch),md,6598,2026-06-11,project reports / planning docs,,,present,
reports/synthetic_generation_methods_review_plan.md,worktree(branch),md,9771,2026-06-11,project reports / planning docs,,,present,
reports/t01_and_external_data_requirements.md,worktree(branch),md,4469,2026-06-11,project reports / planning docs,,,present,
reports/t01_data_ingestion_audit_plan.md,worktree(branch),md,7491,2026-06-11,project reports / planning docs,,,present,
reports/t01_visual_and_experimental_context_plan.md,worktree(branch),md,5228,2026-06-11,project reports / planning docs,,,present,
reports/time_aware_baselines.md,worktree(branch),md,2854,2026-06-11,project reports / planning docs,,,present,
reports/uncertainty_analysis.md,worktree(branch),md,1918,2026-06-11,project reports / planning docs,,,present,
requirements.txt,worktree(branch),txt,900,2026-06-11,,,,present,
run.py,worktree(branch),py,3962,2026-06-11,,user entry point,manual,present,
scripts/README.md,worktree(branch),md,1887,2026-06-11,executable pipeline scripts,,,present,
scripts/audit_data.py,worktree(branch),py,1390,2026-06-11,executable pipeline scripts,,,present,
scripts/audit_outputs.py,worktree(branch),py,15249,2026-06-11,executable pipeline scripts,,,present,
scripts/build_before_after_nested.py,worktree(branch),py,7435,2026-06-11,executable pipeline scripts,,,present,
scripts/build_dataset.py,worktree(branch),py,1823,2026-06-11,executable pipeline scripts,,,present,
scripts/build_p1_closure.py,worktree(branch),py,9024,2026-06-11,executable pipeline scripts,,,present,
scripts/build_paper_zips.py,worktree(branch),py,4363,2026-06-11,executable pipeline scripts,,,present,
scripts/build_pipeline_presentation.py,worktree(branch),py,42686,2026-06-11,executable pipeline scripts,,,present,
scripts/build_pipeline_presentation_en.py,worktree(branch),py,41576,2026-06-11,executable pipeline scripts,,,present,
scripts/check_feature_redundancy.py,worktree(branch),py,4044,2026-06-11,executable pipeline scripts,,,present,
scripts/derive_rul.py,worktree(branch),py,14769,2026-06-11,executable pipeline scripts,,,present,
scripts/experiments/README.md,worktree(branch),md,611,2026-06-11,executable pipeline scripts,,,present,
scripts/experiments/eda_signal_fusion.py,worktree(branch),py,9746,2026-06-11,executable pipeline scripts,,,present,
scripts/experiments/experiment_baseline_scatter.py,worktree(branch),py,7432,2026-06-11,executable pipeline scripts,,,present,
scripts/experiments/experiment_signal_branch.py,worktree(branch),py,12270,2026-06-11,executable pipeline scripts,,,present,
scripts/finalize_visual_qa.py,worktree(branch),py,6001,2026-06-11,executable pipeline scripts,,,present,
scripts/ingest.py,worktree(branch),py,2579,2026-06-11,executable pipeline scripts,,,present,
scripts/legacy/calibrate_c1.py,worktree(branch),py,5632,2026-06-11,executable pipeline scripts,,,present,
scripts/legacy/calibrate_c2.py,worktree(branch),py,7152,2026-06-11,executable pipeline scripts,,,present,
scripts/legacy/evaluate_models.py,worktree(branch),py,6112,2026-06-11,executable pipeline scripts,,,present,
scripts/legacy/run_augmentation_experiment.py,worktree(branch),py,8507,2026-06-11,executable pipeline scripts,,,present,
scripts/legacy/run_full_pipeline.py,worktree(branch),py,6453,2026-06-11,executable pipeline scripts,,,present,
scripts/legacy/run_shap_analysis.py,worktree(branch),py,6980,2026-06-11,executable pipeline scripts,,,present,
scripts/legacy/run_tuning.py,worktree(branch),py,10638,2026-06-11,executable pipeline scripts,,,present,
scripts/legacy/train_baselines.py,worktree(branch),py,9216,2026-06-11,executable pipeline scripts,,,present,
scripts/legacy/validate_c0.py,worktree(branch),py,3851,2026-06-11,executable pipeline scripts,,,present,
scripts/make_paper_figures_v2.py,worktree(branch),py,16678,2026-06-11,executable pipeline scripts,,,present,
scripts/make_paper_figures_v3.py,worktree(branch),py,12092,2026-06-11,executable pipeline scripts,,,present,
scripts/make_paper_figures_v4.py,worktree(branch),py,13571,2026-06-11,executable pipeline scripts,,,present,
scripts/make_synthetic_focus_figures.py,worktree(branch),py,8409,2026-06-11,executable pipeline scripts,,,present,
scripts/prepare_overleaf_workspace.py,worktree(branch),py,6971,2026-06-11,executable pipeline scripts,,,present,
scripts/regen_modified_figures.py,worktree(branch),py,3187,2026-06-11,executable pipeline scripts,,,present,
scripts/run_layered_pipeline.py,worktree(branch),py,52598,2026-06-11,executable pipeline scripts,,,present,
scripts/run_nested_benchmark_metrics.py,worktree(branch),py,6518,2026-06-11,executable pipeline scripts,,,present,
scripts/run_pinn.py,worktree(branch),py,3544,2026-06-11,executable pipeline scripts,,,present,
scripts/run_pinn_comparison.py,worktree(branch),py,22985,2026-06-11,executable pipeline scripts,,,present,
scripts/run_signal_qa.py,worktree(branch),py,2035,2026-06-11,executable pipeline scripts,,,present,
scripts/run_time_aware_baselines.py,worktree(branch),py,12463,2026-06-11,executable pipeline scripts,,,present,
scripts/uncertainty_analysis.py,worktree(branch),py,13311,2026-06-11,executable pipeline scripts,,,present,
scripts/validate_bnn_entrant.py,worktree(branch),py,3090,2026-06-11,executable pipeline scripts,,,present,
scripts/validate_physics_assumptions.py,worktree(branch),py,5639,2026-06-11,executable pipeline scripts,,,present,
src/phm/__init__.py,worktree(branch),py,287,2026-06-11,library code (flat package),,,present,
src/phm/arch_diagrams.py,worktree(branch),py,12080,2026-06-11,library code (flat package),,,present,
src/phm/augmentation.py,worktree(branch),py,5104,2026-06-11,library code (flat package),,,present,
src/phm/config.py,worktree(branch),py,6842,2026-06-11,library code (flat package),,,present,
src/phm/data_loader.py,worktree(branch),py,2810,2026-06-11,library code (flat package),,,present,
src/phm/data_quality.py,worktree(branch),py,8925,2026-06-11,library code (flat package),,,present,
src/phm/dataset_builder.py,worktree(branch),py,14037,2026-06-11,library code (flat package),,,present,
src/phm/evaluation.py,worktree(branch),py,7073,2026-06-11,library code (flat package),,,present,
src/phm/feature_extraction.py,worktree(branch),py,3843,2026-06-11,library code (flat package),,,present,
src/phm/filename_parser.py,worktree(branch),py,3757,2026-06-11,library code (flat package),,,present,
src/phm/ingestion.py,worktree(branch),py,15860,2026-06-11,library code (flat package),,,present,
src/phm/layered_pipeline.py,worktree(branch),py,42568,2026-06-11,library code (flat package),,,present,
src/phm/layered_visuals.py,worktree(branch),py,53920,2026-06-11,library code (flat package),,,present,
src/phm/leakage_audit.py,worktree(branch),py,15191,2026-06-11,library code (flat package),,,present,
src/phm/modeling.py,worktree(branch),py,4827,2026-06-11,library code (flat package),,,present,
src/phm/nn_estimators.py,worktree(branch),py,9690,2026-06-11,library code (flat package),,,present,
src/phm/physics_losses.py,worktree(branch),py,4295,2026-06-11,library code (flat package),,,present,
src/phm/pinn.py,worktree(branch),py,17417,2026-06-11,library code (flat package),,,present,
src/phm/preprocessing.py,worktree(branch),py,1050,2026-06-11,library code (flat package),,,present,
src/phm/shap_analysis.py,worktree(branch),py,10216,2026-06-11,library code (flat package),,,present,
src/phm/signal_qa.py,worktree(branch),py,5220,2026-06-11,library code (flat package),,,present,
src/phm/splitting.py,worktree(branch),py,3909,2026-06-11,library code (flat package),,,present,
src/phm/synthetic_validation.py,worktree(branch),py,8577,2026-06-11,library code (flat package),,,present,
src/phm/time_aware.py,worktree(branch),py,8613,2026-06-11,library code (flat package),,,present,
src/phm/tuning.py,worktree(branch),py,5418,2026-06-11,library code (flat package),,,present,
src/phm/uncertainty.py,worktree(branch),py,7041,2026-06-11,library code (flat package),,,present,
src/phm/visualization.py,worktree(branch),py,15843,2026-06-11,library code (flat package),,,present,
