model,feature_subset,data_branch,tuning_method,augmentation_strategy,branch_id,n_features,best_params,best_cv_score_mae,scoring,cv_strategy,notes
DummyRegressor,FUSION,N,none,none,FUSION_N_ST,189,{},,neg_mean_absolute_error,GroupKFold(k=5) sobre 10 experimentos,"{""method"": ""none""}"
Ridge,FUSION,N,none,none,FUSION_N_ST,189,{},,neg_mean_absolute_error,GroupKFold(k=5) sobre 10 experimentos,"{""method"": ""none""}"
Lasso,FUSION,N,none,none,FUSION_N_ST,189,{},,neg_mean_absolute_error,GroupKFold(k=5) sobre 10 experimentos,"{""method"": ""none""}"
ElasticNet,FUSION,N,none,none,FUSION_N_ST,189,{},,neg_mean_absolute_error,GroupKFold(k=5) sobre 10 experimentos,"{""method"": ""none""}"
SVR,FUSION,N,none,none,FUSION_N_ST,189,{},,neg_mean_absolute_error,GroupKFold(k=5) sobre 10 experimentos,"{""method"": ""none""}"
RandomForest,FUSION,N,none,none,FUSION_N_ST,189,{},,neg_mean_absolute_error,GroupKFold(k=5) sobre 10 experimentos,"{""method"": ""none""}"
XGBoost,FUSION,N,none,none,FUSION_N_ST,189,{},,neg_mean_absolute_error,GroupKFold(k=5) sobre 10 experimentos,"{""method"": ""none""}"
MLP,FUSION,N,none,none,FUSION_N_ST,189,{},,neg_mean_absolute_error,GroupKFold(k=5) sobre 10 experimentos,"{""method"": ""none""}"
BNN,FUSION,N,none,none,FUSION_N_ST,189,{},,neg_mean_absolute_error,GroupKFold(k=5) sobre 10 experimentos,"{""method"": ""none""}"
DummyRegressor,FUSION,N,none,none,FUSION_N_CT_random,189,{},,neg_mean_absolute_error,GroupKFold(k=5) sobre 10 experimentos,"{""method"": ""none""}"
Ridge,FUSION,N,random,none,FUSION_N_CT_random,189,"{""model__alpha"": 100}",35.19029025679653,neg_mean_absolute_error,GroupKFold(k=5) sobre 10 experimentos,"{""method"": ""random"", ""n_candidates"": 5}"
Lasso,FUSION,N,random,none,FUSION_N_CT_random,189,"{""model__alpha"": 0.01}",30.99340591128068,neg_mean_absolute_error,GroupKFold(k=5) sobre 10 experimentos,"{""method"": ""random"", ""n_candidates"": 5}"
ElasticNet,FUSION,N,random,none,FUSION_N_CT_random,189,"{""model__l1_ratio"": 0.7, ""model__alpha"": 0.1}",22.284980325432148,neg_mean_absolute_error,GroupKFold(k=5) sobre 10 experimentos,"{""method"": ""random"", ""n_candidates"": 20}"
SVR,FUSION,N,random,none,FUSION_N_CT_random,189,"{""model__gamma"": ""auto"", ""model__epsilon"": 0.1, ""model__C"": 100}",47.73174726714657,neg_mean_absolute_error,GroupKFold(k=5) sobre 10 experimentos,"{""method"": ""random"", ""n_candidates"": 20}"
RandomForest,FUSION,N,random,none,FUSION_N_CT_random,189,"{""model__n_estimators"": 100, ""model__min_samples_leaf"": 2, ""model__max_depth"": 3}",45.65233333333333,neg_mean_absolute_error,GroupKFold(k=5) sobre 10 experimentos,"{""method"": ""random"", ""n_candidates"": 20}"
XGBoost,FUSION,N,random,none,FUSION_N_CT_random,189,"{""model__subsample"": 0.6, ""model__reg_lambda"": 5, ""model__n_estimators"": 100, ""model__max_depth"": 2, ""model__learning_rate"": 0.1, ""model__colsample_bytree"": 0.5}",40.32635345458984,neg_mean_absolute_error,GroupKFold(k=5) sobre 10 experimentos,"{""method"": ""random"", ""n_candidates"": 20}"
MLP,FUSION,N,none,none,FUSION_N_CT_random,189,{},,neg_mean_absolute_error,GroupKFold(k=5) sobre 10 experimentos,"{""method"": ""none""}"
BNN,FUSION,N,none,none,FUSION_N_CT_random,189,{},,neg_mean_absolute_error,GroupKFold(k=5) sobre 10 experimentos,"{""method"": ""none""}"
DummyRegressor,FUSION,N,none,none,FUSION_N_CT_grid,189,{},,neg_mean_absolute_error,GroupKFold(k=5) sobre 10 experimentos,"{""method"": ""none""}"
Ridge,FUSION,N,grid,none,FUSION_N_CT_grid,189,"{""model__alpha"": 100}",35.19029025679653,neg_mean_absolute_error,GroupKFold(k=5) sobre 10 experimentos,"{""method"": ""grid"", ""n_candidates"": 5}"
Lasso,FUSION,N,grid,none,FUSION_N_CT_grid,189,"{""model__alpha"": 0.01}",30.99340591128068,neg_mean_absolute_error,GroupKFold(k=5) sobre 10 experimentos,"{""method"": ""grid"", ""n_candidates"": 5}"
ElasticNet,FUSION,N,grid,none,FUSION_N_CT_grid,189,"{""model__alpha"": 0.1, ""model__l1_ratio"": 0.7}",22.284980325432148,neg_mean_absolute_error,GroupKFold(k=5) sobre 10 experimentos,"{""method"": ""grid"", ""n_candidates"": 20}"
SVR,FUSION,N,grid,none,FUSION_N_CT_grid,189,"{""model__C"": 100, ""model__epsilon"": 0.1, ""model__gamma"": ""scale""}",47.73174726714657,neg_mean_absolute_error,GroupKFold(k=5) sobre 10 experimentos,"{""method"": ""grid"", ""n_candidates"": 32}"
RandomForest,FUSION,N,grid,none,FUSION_N_CT_grid,189,"{""model__max_depth"": 2, ""model__min_samples_leaf"": 2, ""model__n_estimators"": 100}",45.65233333333333,neg_mean_absolute_error,GroupKFold(k=5) sobre 10 experimentos,"{""method"": ""grid"", ""n_candidates"": 36}"
XGBoost,FUSION,N,grid,none,FUSION_N_CT_grid,189,"{""model__colsample_bytree"": 0.8, ""model__learning_rate"": 0.1, ""model__max_depth"": 2, ""model__n_estimators"": 200, ""model__reg_lambda"": 10, ""model__subsample"": 0.8}",37.07298583984375,neg_mean_absolute_error,GroupKFold(k=5) sobre 10 experimentos,"{""method"": ""grid"", ""n_candidates"": 54}"
MLP,FUSION,N,none,none,FUSION_N_CT_grid,189,{},,neg_mean_absolute_error,GroupKFold(k=5) sobre 10 experimentos,"{""method"": ""none""}"
BNN,FUSION,N,none,none,FUSION_N_CT_grid,189,{},,neg_mean_absolute_error,GroupKFold(k=5) sobre 10 experimentos,"{""method"": ""none""}"
DummyRegressor,FUSION,A,none,feature_noise,FUSION_A_ST_feature_noise,189,{},,neg_mean_absolute_error,GroupKFold(k=5) sobre 10 experimentos,"{""method"": ""none""}"
Ridge,FUSION,A,none,feature_noise,FUSION_A_ST_feature_noise,189,{},,neg_mean_absolute_error,GroupKFold(k=5) sobre 10 experimentos,"{""method"": ""none""}"
Lasso,FUSION,A,none,feature_noise,FUSION_A_ST_feature_noise,189,{},,neg_mean_absolute_error,GroupKFold(k=5) sobre 10 experimentos,"{""method"": ""none""}"
ElasticNet,FUSION,A,none,feature_noise,FUSION_A_ST_feature_noise,189,{},,neg_mean_absolute_error,GroupKFold(k=5) sobre 10 experimentos,"{""method"": ""none""}"
SVR,FUSION,A,none,feature_noise,FUSION_A_ST_feature_noise,189,{},,neg_mean_absolute_error,GroupKFold(k=5) sobre 10 experimentos,"{""method"": ""none""}"
RandomForest,FUSION,A,none,feature_noise,FUSION_A_ST_feature_noise,189,{},,neg_mean_absolute_error,GroupKFold(k=5) sobre 10 experimentos,"{""method"": ""none""}"
XGBoost,FUSION,A,none,feature_noise,FUSION_A_ST_feature_noise,189,{},,neg_mean_absolute_error,GroupKFold(k=5) sobre 10 experimentos,"{""method"": ""none""}"
MLP,FUSION,A,none,feature_noise,FUSION_A_ST_feature_noise,189,{},,neg_mean_absolute_error,GroupKFold(k=5) sobre 10 experimentos,"{""method"": ""none""}"
BNN,FUSION,A,none,feature_noise,FUSION_A_ST_feature_noise,189,{},,neg_mean_absolute_error,GroupKFold(k=5) sobre 10 experimentos,"{""method"": ""none""}"
DummyRegressor,FUSION,A,none,feature_noise,FUSION_A_CT_random_feature_noise,189,{},,neg_mean_absolute_error,GroupKFold(k=5) sobre 10 experimentos,"{""method"": ""none""}"
Ridge,FUSION,A,random,feature_noise,FUSION_A_CT_random_feature_noise,189,"{""model__alpha"": 10}",26.24522171907834,neg_mean_absolute_error,GroupKFold(k=5) sobre 10 experimentos,"{""method"": ""random"", ""n_candidates"": 5}"
Lasso,FUSION,A,random,feature_noise,FUSION_A_CT_random_feature_noise,189,"{""model__alpha"": 0.01}",27.114336257065258,neg_mean_absolute_error,GroupKFold(k=5) sobre 10 experimentos,"{""method"": ""random"", ""n_candidates"": 5}"
ElasticNet,FUSION,A,random,feature_noise,FUSION_A_CT_random_feature_noise,189,"{""model__l1_ratio"": 0.1, ""model__alpha"": 10}",22.037733814980015,neg_mean_absolute_error,GroupKFold(k=5) sobre 10 experimentos,"{""method"": ""random"", ""n_candidates"": 20}"
SVR,FUSION,A,random,feature_noise,FUSION_A_CT_random_feature_noise,189,"{""model__gamma"": ""scale"", ""model__epsilon"": 1, ""model__C"": 10}",47.61012171012711,neg_mean_absolute_error,GroupKFold(k=5) sobre 10 experimentos,"{""method"": ""random"", ""n_candidates"": 20}"
RandomForest,FUSION,A,random,feature_noise,FUSION_A_CT_random_feature_noise,189,"{""model__n_estimators"": 100, ""model__min_samples_leaf"": 1, ""model__max_depth"": 5}",50.5985,neg_mean_absolute_error,GroupKFold(k=5) sobre 10 experimentos,"{""method"": ""random"", ""n_candidates"": 20}"
XGBoost,FUSION,A,random,feature_noise,FUSION_A_CT_random_feature_noise,189,"{""model__subsample"": 0.8, ""model__reg_lambda"": 1, ""model__n_estimators"": 100, ""model__max_depth"": 1, ""model__learning_rate"": 0.1, ""model__colsample_bytree"": 0.8}",39.23303413391113,neg_mean_absolute_error,GroupKFold(k=5) sobre 10 experimentos,"{""method"": ""random"", ""n_candidates"": 20}"
MLP,FUSION,A,none,feature_noise,FUSION_A_CT_random_feature_noise,189,{},,neg_mean_absolute_error,GroupKFold(k=5) sobre 10 experimentos,"{""method"": ""none""}"
BNN,FUSION,A,none,feature_noise,FUSION_A_CT_random_feature_noise,189,{},,neg_mean_absolute_error,GroupKFold(k=5) sobre 10 experimentos,"{""method"": ""none""}"
DummyRegressor,FUSION,A,none,feature_noise,FUSION_A_CT_grid_feature_noise,189,{},,neg_mean_absolute_error,GroupKFold(k=5) sobre 10 experimentos,"{""method"": ""none""}"
Ridge,FUSION,A,grid,feature_noise,FUSION_A_CT_grid_feature_noise,189,"{""model__alpha"": 10}",26.24522171907834,neg_mean_absolute_error,GroupKFold(k=5) sobre 10 experimentos,"{""method"": ""grid"", ""n_candidates"": 5}"
Lasso,FUSION,A,grid,feature_noise,FUSION_A_CT_grid_feature_noise,189,"{""model__alpha"": 0.01}",27.114336257065258,neg_mean_absolute_error,GroupKFold(k=5) sobre 10 experimentos,"{""method"": ""grid"", ""n_candidates"": 5}"
ElasticNet,FUSION,A,grid,feature_noise,FUSION_A_CT_grid_feature_noise,189,"{""model__alpha"": 10, ""model__l1_ratio"": 0.1}",22.037733814980015,neg_mean_absolute_error,GroupKFold(k=5) sobre 10 experimentos,"{""method"": ""grid"", ""n_candidates"": 20}"
SVR,FUSION,A,grid,feature_noise,FUSION_A_CT_grid_feature_noise,189,"{""model__C"": 10, ""model__epsilon"": 0.1, ""model__gamma"": ""scale""}",47.59555231036388,neg_mean_absolute_error,GroupKFold(k=5) sobre 10 experimentos,"{""method"": ""grid"", ""n_candidates"": 32}"
RandomForest,FUSION,A,grid,feature_noise,FUSION_A_CT_grid_feature_noise,189,"{""model__max_depth"": 5, ""model__min_samples_leaf"": 1, ""model__n_estimators"": 50}",50.251,neg_mean_absolute_error,GroupKFold(k=5) sobre 10 experimentos,"{""method"": ""grid"", ""n_candidates"": 36}"
XGBoost,FUSION,A,grid,feature_noise,FUSION_A_CT_grid_feature_noise,189,"{""model__colsample_bytree"": 0.8, ""model__learning_rate"": 0.1, ""model__max_depth"": 1, ""model__n_estimators"": 200, ""model__reg_lambda"": 10, ""model__subsample"": 0.8}",37.16017532348633,neg_mean_absolute_error,GroupKFold(k=5) sobre 10 experimentos,"{""method"": ""grid"", ""n_candidates"": 54}"
MLP,FUSION,A,none,feature_noise,FUSION_A_CT_grid_feature_noise,189,{},,neg_mean_absolute_error,GroupKFold(k=5) sobre 10 experimentos,"{""method"": ""none""}"
BNN,FUSION,A,none,feature_noise,FUSION_A_CT_grid_feature_noise,189,{},,neg_mean_absolute_error,GroupKFold(k=5) sobre 10 experimentos,"{""method"": ""none""}"
DummyRegressor,FUSION,A,none,feature_scaling,FUSION_A_ST_feature_scaling,189,{},,neg_mean_absolute_error,GroupKFold(k=5) sobre 10 experimentos,"{""method"": ""none""}"
Ridge,FUSION,A,none,feature_scaling,FUSION_A_ST_feature_scaling,189,{},,neg_mean_absolute_error,GroupKFold(k=5) sobre 10 experimentos,"{""method"": ""none""}"
Lasso,FUSION,A,none,feature_scaling,FUSION_A_ST_feature_scaling,189,{},,neg_mean_absolute_error,GroupKFold(k=5) sobre 10 experimentos,"{""method"": ""none""}"
ElasticNet,FUSION,A,none,feature_scaling,FUSION_A_ST_feature_scaling,189,{},,neg_mean_absolute_error,GroupKFold(k=5) sobre 10 experimentos,"{""method"": ""none""}"
SVR,FUSION,A,none,feature_scaling,FUSION_A_ST_feature_scaling,189,{},,neg_mean_absolute_error,GroupKFold(k=5) sobre 10 experimentos,"{""method"": ""none""}"
RandomForest,FUSION,A,none,feature_scaling,FUSION_A_ST_feature_scaling,189,{},,neg_mean_absolute_error,GroupKFold(k=5) sobre 10 experimentos,"{""method"": ""none""}"
XGBoost,FUSION,A,none,feature_scaling,FUSION_A_ST_feature_scaling,189,{},,neg_mean_absolute_error,GroupKFold(k=5) sobre 10 experimentos,"{""method"": ""none""}"
MLP,FUSION,A,none,feature_scaling,FUSION_A_ST_feature_scaling,189,{},,neg_mean_absolute_error,GroupKFold(k=5) sobre 10 experimentos,"{""method"": ""none""}"
BNN,FUSION,A,none,feature_scaling,FUSION_A_ST_feature_scaling,189,{},,neg_mean_absolute_error,GroupKFold(k=5) sobre 10 experimentos,"{""method"": ""none""}"
DummyRegressor,FUSION,A,none,feature_scaling,FUSION_A_CT_random_feature_scaling,189,{},,neg_mean_absolute_error,GroupKFold(k=5) sobre 10 experimentos,"{""method"": ""none""}"
Ridge,FUSION,A,random,feature_scaling,FUSION_A_CT_random_feature_scaling,189,"{""model__alpha"": 100}",36.76876406126297,neg_mean_absolute_error,GroupKFold(k=5) sobre 10 experimentos,"{""method"": ""random"", ""n_candidates"": 5}"
Lasso,FUSION,A,random,feature_scaling,FUSION_A_CT_random_feature_scaling,189,"{""model__alpha"": 0.1}",32.75385354077415,neg_mean_absolute_error,GroupKFold(k=5) sobre 10 experimentos,"{""method"": ""random"", ""n_candidates"": 5}"
ElasticNet,FUSION,A,random,feature_scaling,FUSION_A_CT_random_feature_scaling,189,"{""model__l1_ratio"": 0.7, ""model__alpha"": 1}",23.01863881846994,neg_mean_absolute_error,GroupKFold(k=5) sobre 10 experimentos,"{""method"": ""random"", ""n_candidates"": 20}"
SVR,FUSION,A,random,feature_scaling,FUSION_A_CT_random_feature_scaling,189,"{""model__gamma"": ""scale"", ""model__epsilon"": 1, ""model__C"": 10}",47.60330847956715,neg_mean_absolute_error,GroupKFold(k=5) sobre 10 experimentos,"{""method"": ""random"", ""n_candidates"": 20}"
RandomForest,FUSION,A,random,feature_scaling,FUSION_A_CT_random_feature_scaling,189,"{""model__n_estimators"": 100, ""model__min_samples_leaf"": 1, ""model__max_depth"": 5}",52.810249999999996,neg_mean_absolute_error,GroupKFold(k=5) sobre 10 experimentos,"{""method"": ""random"", ""n_candidates"": 20}"
XGBoost,FUSION,A,random,feature_scaling,FUSION_A_CT_random_feature_scaling,189,"{""model__subsample"": 0.8, ""model__reg_lambda"": 1, ""model__n_estimators"": 100, ""model__max_depth"": 1, ""model__learning_rate"": 0.1, ""model__colsample_bytree"": 0.8}",41.642415809631345,neg_mean_absolute_error,GroupKFold(k=5) sobre 10 experimentos,"{""method"": ""random"", ""n_candidates"": 20}"
MLP,FUSION,A,none,feature_scaling,FUSION_A_CT_random_feature_scaling,189,{},,neg_mean_absolute_error,GroupKFold(k=5) sobre 10 experimentos,"{""method"": ""none""}"
BNN,FUSION,A,none,feature_scaling,FUSION_A_CT_random_feature_scaling,189,{},,neg_mean_absolute_error,GroupKFold(k=5) sobre 10 experimentos,"{""method"": ""none""}"
DummyRegressor,FUSION,A,none,feature_scaling,FUSION_A_CT_grid_feature_scaling,189,{},,neg_mean_absolute_error,GroupKFold(k=5) sobre 10 experimentos,"{""method"": ""none""}"
Ridge,FUSION,A,grid,feature_scaling,FUSION_A_CT_grid_feature_scaling,189,"{""model__alpha"": 100}",36.76876406126297,neg_mean_absolute_error,GroupKFold(k=5) sobre 10 experimentos,"{""method"": ""grid"", ""n_candidates"": 5}"
Lasso,FUSION,A,grid,feature_scaling,FUSION_A_CT_grid_feature_scaling,189,"{""model__alpha"": 0.1}",32.75385354077415,neg_mean_absolute_error,GroupKFold(k=5) sobre 10 experimentos,"{""method"": ""grid"", ""n_candidates"": 5}"
ElasticNet,FUSION,A,grid,feature_scaling,FUSION_A_CT_grid_feature_scaling,189,"{""model__alpha"": 1, ""model__l1_ratio"": 0.7}",23.01863881846994,neg_mean_absolute_error,GroupKFold(k=5) sobre 10 experimentos,"{""method"": ""grid"", ""n_candidates"": 20}"
SVR,FUSION,A,grid,feature_scaling,FUSION_A_CT_grid_feature_scaling,189,"{""model__C"": 10, ""model__epsilon"": 0.1, ""model__gamma"": ""scale""}",47.57865832599789,neg_mean_absolute_error,GroupKFold(k=5) sobre 10 experimentos,"{""method"": ""grid"", ""n_candidates"": 32}"
RandomForest,FUSION,A,grid,feature_scaling,FUSION_A_CT_grid_feature_scaling,189,"{""model__max_depth"": 5, ""model__min_samples_leaf"": 1, ""model__n_estimators"": 50}",51.834,neg_mean_absolute_error,GroupKFold(k=5) sobre 10 experimentos,"{""method"": ""grid"", ""n_candidates"": 36}"
XGBoost,FUSION,A,grid,feature_scaling,FUSION_A_CT_grid_feature_scaling,189,"{""model__colsample_bytree"": 0.8, ""model__learning_rate"": 0.05, ""model__max_depth"": 1, ""model__n_estimators"": 200, ""model__reg_lambda"": 5, ""model__subsample"": 0.8}",38.731291961669925,neg_mean_absolute_error,GroupKFold(k=5) sobre 10 experimentos,"{""method"": ""grid"", ""n_candidates"": 54}"
MLP,FUSION,A,none,feature_scaling,FUSION_A_CT_grid_feature_scaling,189,{},,neg_mean_absolute_error,GroupKFold(k=5) sobre 10 experimentos,"{""method"": ""none""}"
BNN,FUSION,A,none,feature_scaling,FUSION_A_CT_grid_feature_scaling,189,{},,neg_mean_absolute_error,GroupKFold(k=5) sobre 10 experimentos,"{""method"": ""none""}"
DummyRegressor,FUSION,A,none,grouped_scaling,FUSION_A_ST_grouped_scaling,189,{},,neg_mean_absolute_error,GroupKFold(k=5) sobre 10 experimentos,"{""method"": ""none""}"
Ridge,FUSION,A,none,grouped_scaling,FUSION_A_ST_grouped_scaling,189,{},,neg_mean_absolute_error,GroupKFold(k=5) sobre 10 experimentos,"{""method"": ""none""}"
Lasso,FUSION,A,none,grouped_scaling,FUSION_A_ST_grouped_scaling,189,{},,neg_mean_absolute_error,GroupKFold(k=5) sobre 10 experimentos,"{""method"": ""none""}"
ElasticNet,FUSION,A,none,grouped_scaling,FUSION_A_ST_grouped_scaling,189,{},,neg_mean_absolute_error,GroupKFold(k=5) sobre 10 experimentos,"{""method"": ""none""}"
SVR,FUSION,A,none,grouped_scaling,FUSION_A_ST_grouped_scaling,189,{},,neg_mean_absolute_error,GroupKFold(k=5) sobre 10 experimentos,"{""method"": ""none""}"
RandomForest,FUSION,A,none,grouped_scaling,FUSION_A_ST_grouped_scaling,189,{},,neg_mean_absolute_error,GroupKFold(k=5) sobre 10 experimentos,"{""method"": ""none""}"
XGBoost,FUSION,A,none,grouped_scaling,FUSION_A_ST_grouped_scaling,189,{},,neg_mean_absolute_error,GroupKFold(k=5) sobre 10 experimentos,"{""method"": ""none""}"
MLP,FUSION,A,none,grouped_scaling,FUSION_A_ST_grouped_scaling,189,{},,neg_mean_absolute_error,GroupKFold(k=5) sobre 10 experimentos,"{""method"": ""none""}"
BNN,FUSION,A,none,grouped_scaling,FUSION_A_ST_grouped_scaling,189,{},,neg_mean_absolute_error,GroupKFold(k=5) sobre 10 experimentos,"{""method"": ""none""}"
DummyRegressor,FUSION,A,none,grouped_scaling,FUSION_A_CT_random_grouped_scaling,189,{},,neg_mean_absolute_error,GroupKFold(k=5) sobre 10 experimentos,"{""method"": ""none""}"
Ridge,FUSION,A,random,grouped_scaling,FUSION_A_CT_random_grouped_scaling,189,"{""model__alpha"": 0.01}",28.369546551805552,neg_mean_absolute_error,GroupKFold(k=5) sobre 10 experimentos,"{""method"": ""random"", ""n_candidates"": 5}"
Lasso,FUSION,A,random,grouped_scaling,FUSION_A_CT_random_grouped_scaling,189,"{""model__alpha"": 0.001}",21.122532442663083,neg_mean_absolute_error,GroupKFold(k=5) sobre 10 experimentos,"{""method"": ""random"", ""n_candidates"": 5}"
ElasticNet,FUSION,A,random,grouped_scaling,FUSION_A_CT_random_grouped_scaling,189,"{""model__l1_ratio"": 0.7, ""model__alpha"": 0.1}",23.106630365599877,neg_mean_absolute_error,GroupKFold(k=5) sobre 10 experimentos,"{""method"": ""random"", ""n_candidates"": 20}"
SVR,FUSION,A,random,grouped_scaling,FUSION_A_CT_random_grouped_scaling,189,"{""model__gamma"": ""scale"", ""model__epsilon"": 1, ""model__C"": 10}",47.63110230753771,neg_mean_absolute_error,GroupKFold(k=5) sobre 10 experimentos,"{""method"": ""random"", ""n_candidates"": 20}"
RandomForest,FUSION,A,random,grouped_scaling,FUSION_A_CT_random_grouped_scaling,189,"{""model__n_estimators"": 100, ""model__min_samples_leaf"": 1, ""model__max_depth"": 5}",53.2615,neg_mean_absolute_error,GroupKFold(k=5) sobre 10 experimentos,"{""method"": ""random"", ""n_candidates"": 20}"
XGBoost,FUSION,A,random,grouped_scaling,FUSION_A_CT_random_grouped_scaling,189,"{""model__subsample"": 0.8, ""model__reg_lambda"": 1, ""model__n_estimators"": 100, ""model__max_depth"": 1, ""model__learning_rate"": 0.1, ""model__colsample_bytree"": 0.8}",36.14764938354492,neg_mean_absolute_error,GroupKFold(k=5) sobre 10 experimentos,"{""method"": ""random"", ""n_candidates"": 20}"
MLP,FUSION,A,none,grouped_scaling,FUSION_A_CT_random_grouped_scaling,189,{},,neg_mean_absolute_error,GroupKFold(k=5) sobre 10 experimentos,"{""method"": ""none""}"
BNN,FUSION,A,none,grouped_scaling,FUSION_A_CT_random_grouped_scaling,189,{},,neg_mean_absolute_error,GroupKFold(k=5) sobre 10 experimentos,"{""method"": ""none""}"
DummyRegressor,FUSION,A,none,grouped_scaling,FUSION_A_CT_grid_grouped_scaling,189,{},,neg_mean_absolute_error,GroupKFold(k=5) sobre 10 experimentos,"{""method"": ""none""}"
Ridge,FUSION,A,grid,grouped_scaling,FUSION_A_CT_grid_grouped_scaling,189,"{""model__alpha"": 0.01}",28.369546551805552,neg_mean_absolute_error,GroupKFold(k=5) sobre 10 experimentos,"{""method"": ""grid"", ""n_candidates"": 5}"
Lasso,FUSION,A,grid,grouped_scaling,FUSION_A_CT_grid_grouped_scaling,189,"{""model__alpha"": 0.001}",21.122532442663083,neg_mean_absolute_error,GroupKFold(k=5) sobre 10 experimentos,"{""method"": ""grid"", ""n_candidates"": 5}"
ElasticNet,FUSION,A,grid,grouped_scaling,FUSION_A_CT_grid_grouped_scaling,189,"{""model__alpha"": 0.1, ""model__l1_ratio"": 0.7}",23.106630365599877,neg_mean_absolute_error,GroupKFold(k=5) sobre 10 experimentos,"{""method"": ""grid"", ""n_candidates"": 20}"
SVR,FUSION,A,grid,grouped_scaling,FUSION_A_CT_grid_grouped_scaling,189,"{""model__C"": 10, ""model__epsilon"": 0.1, ""model__gamma"": ""scale""}",47.586556367036295,neg_mean_absolute_error,GroupKFold(k=5) sobre 10 experimentos,"{""method"": ""grid"", ""n_candidates"": 32}"
RandomForest,FUSION,A,grid,grouped_scaling,FUSION_A_CT_grid_grouped_scaling,189,"{""model__max_depth"": 5, ""model__min_samples_leaf"": 1, ""model__n_estimators"": 50}",52.692499999999995,neg_mean_absolute_error,GroupKFold(k=5) sobre 10 experimentos,"{""method"": ""grid"", ""n_candidates"": 36}"
XGBoost,FUSION,A,grid,grouped_scaling,FUSION_A_CT_grid_grouped_scaling,189,"{""model__colsample_bytree"": 0.8, ""model__learning_rate"": 0.05, ""model__max_depth"": 1, ""model__n_estimators"": 200, ""model__reg_lambda"": 5, ""model__subsample"": 0.8}",37.90040302276611,neg_mean_absolute_error,GroupKFold(k=5) sobre 10 experimentos,"{""method"": ""grid"", ""n_candidates"": 54}"
MLP,FUSION,A,none,grouped_scaling,FUSION_A_CT_grid_grouped_scaling,189,{},,neg_mean_absolute_error,GroupKFold(k=5) sobre 10 experimentos,"{""method"": ""none""}"
BNN,FUSION,A,none,grouped_scaling,FUSION_A_CT_grid_grouped_scaling,189,{},,neg_mean_absolute_error,GroupKFold(k=5) sobre 10 experimentos,"{""method"": ""none""}"
DummyRegressor,SOLO_A,N,none,none,SOLO_A_N_ST,95,{},,neg_mean_absolute_error,GroupKFold(k=5) sobre 10 experimentos,"{""method"": ""none""}"
Ridge,SOLO_A,N,none,none,SOLO_A_N_ST,95,{},,neg_mean_absolute_error,GroupKFold(k=5) sobre 10 experimentos,"{""method"": ""none""}"
Lasso,SOLO_A,N,none,none,SOLO_A_N_ST,95,{},,neg_mean_absolute_error,GroupKFold(k=5) sobre 10 experimentos,"{""method"": ""none""}"
ElasticNet,SOLO_A,N,none,none,SOLO_A_N_ST,95,{},,neg_mean_absolute_error,GroupKFold(k=5) sobre 10 experimentos,"{""method"": ""none""}"
SVR,SOLO_A,N,none,none,SOLO_A_N_ST,95,{},,neg_mean_absolute_error,GroupKFold(k=5) sobre 10 experimentos,"{""method"": ""none""}"
RandomForest,SOLO_A,N,none,none,SOLO_A_N_ST,95,{},,neg_mean_absolute_error,GroupKFold(k=5) sobre 10 experimentos,"{""method"": ""none""}"
XGBoost,SOLO_A,N,none,none,SOLO_A_N_ST,95,{},,neg_mean_absolute_error,GroupKFold(k=5) sobre 10 experimentos,"{""method"": ""none""}"
MLP,SOLO_A,N,none,none,SOLO_A_N_ST,95,{},,neg_mean_absolute_error,GroupKFold(k=5) sobre 10 experimentos,"{""method"": ""none""}"
BNN,SOLO_A,N,none,none,SOLO_A_N_ST,95,{},,neg_mean_absolute_error,GroupKFold(k=5) sobre 10 experimentos,"{""method"": ""none""}"
DummyRegressor,SOLO_A,N,none,none,SOLO_A_N_CT_random,95,{},,neg_mean_absolute_error,GroupKFold(k=5) sobre 10 experimentos,"{""method"": ""none""}"
Ridge,SOLO_A,N,random,none,SOLO_A_N_CT_random,95,"{""model__alpha"": 10}",29.04888644423378,neg_mean_absolute_error,GroupKFold(k=5) sobre 10 experimentos,"{""method"": ""random"", ""n_candidates"": 5}"
Lasso,SOLO_A,N,random,none,SOLO_A_N_CT_random,95,"{""model__alpha"": 0.01}",32.327755378530156,neg_mean_absolute_error,GroupKFold(k=5) sobre 10 experimentos,"{""method"": ""random"", ""n_candidates"": 5}"
ElasticNet,SOLO_A,N,random,none,SOLO_A_N_CT_random,95,"{""model__l1_ratio"": 0.5, ""model__alpha"": 1}",19.87073995042815,neg_mean_absolute_error,GroupKFold(k=5) sobre 10 experimentos,"{""method"": ""random"", ""n_candidates"": 20}"
SVR,SOLO_A,N,random,none,SOLO_A_N_CT_random,95,"{""model__gamma"": 0.01, ""model__epsilon"": 0.1, ""model__C"": 100}",48.80087494735148,neg_mean_absolute_error,GroupKFold(k=5) sobre 10 experimentos,"{""method"": ""random"", ""n_candidates"": 20}"
RandomForest,SOLO_A,N,random,none,SOLO_A_N_CT_random,95,"{""model__n_estimators"": 200, ""model__min_samples_leaf"": 1, ""model__max_depth"": 3}",48.753625,neg_mean_absolute_error,GroupKFold(k=5) sobre 10 experimentos,"{""method"": ""random"", ""n_candidates"": 20}"
XGBoost,SOLO_A,N,random,none,SOLO_A_N_CT_random,95,"{""model__subsample"": 0.8, ""model__reg_lambda"": 1, ""model__n_estimators"": 100, ""model__max_depth"": 1, ""model__learning_rate"": 0.1, ""model__colsample_bytree"": 0.8}",42.98120346069336,neg_mean_absolute_error,GroupKFold(k=5) sobre 10 experimentos,"{""method"": ""random"", ""n_candidates"": 20}"
MLP,SOLO_A,N,none,none,SOLO_A_N_CT_random,95,{},,neg_mean_absolute_error,GroupKFold(k=5) sobre 10 experimentos,"{""method"": ""none""}"
BNN,SOLO_A,N,none,none,SOLO_A_N_CT_random,95,{},,neg_mean_absolute_error,GroupKFold(k=5) sobre 10 experimentos,"{""method"": ""none""}"
DummyRegressor,SOLO_A,N,none,none,SOLO_A_N_CT_grid,95,{},,neg_mean_absolute_error,GroupKFold(k=5) sobre 10 experimentos,"{""method"": ""none""}"
Ridge,SOLO_A,N,grid,none,SOLO_A_N_CT_grid,95,"{""model__alpha"": 10}",29.04888644423378,neg_mean_absolute_error,GroupKFold(k=5) sobre 10 experimentos,"{""method"": ""grid"", ""n_candidates"": 5}"
Lasso,SOLO_A,N,grid,none,SOLO_A_N_CT_grid,95,"{""model__alpha"": 0.01}",32.327755378530156,neg_mean_absolute_error,GroupKFold(k=5) sobre 10 experimentos,"{""method"": ""grid"", ""n_candidates"": 5}"
ElasticNet,SOLO_A,N,grid,none,SOLO_A_N_CT_grid,95,"{""model__alpha"": 1, ""model__l1_ratio"": 0.5}",19.87073995042815,neg_mean_absolute_error,GroupKFold(k=5) sobre 10 experimentos,"{""method"": ""grid"", ""n_candidates"": 20}"
SVR,SOLO_A,N,grid,none,SOLO_A_N_CT_grid,95,"{""model__C"": 100, ""model__epsilon"": 0.1, ""model__gamma"": ""scale""}",49.078073465610814,neg_mean_absolute_error,GroupKFold(k=5) sobre 10 experimentos,"{""method"": ""grid"", ""n_candidates"": 32}"
RandomForest,SOLO_A,N,grid,none,SOLO_A_N_CT_grid,95,"{""model__max_depth"": 3, ""model__min_samples_leaf"": 1, ""model__n_estimators"": 200}",48.753625,neg_mean_absolute_error,GroupKFold(k=5) sobre 10 experimentos,"{""method"": ""grid"", ""n_candidates"": 36}"
XGBoost,SOLO_A,N,grid,none,SOLO_A_N_CT_grid,95,"{""model__colsample_bytree"": 0.8, ""model__learning_rate"": 0.1, ""model__max_depth"": 1, ""model__n_estimators"": 200, ""model__reg_lambda"": 5, ""model__subsample"": 0.8}",40.04971466064453,neg_mean_absolute_error,GroupKFold(k=5) sobre 10 experimentos,"{""method"": ""grid"", ""n_candidates"": 54}"
MLP,SOLO_A,N,none,none,SOLO_A_N_CT_grid,95,{},,neg_mean_absolute_error,GroupKFold(k=5) sobre 10 experimentos,"{""method"": ""none""}"
BNN,SOLO_A,N,none,none,SOLO_A_N_CT_grid,95,{},,neg_mean_absolute_error,GroupKFold(k=5) sobre 10 experimentos,"{""method"": ""none""}"
DummyRegressor,SOLO_A,A,none,feature_noise,SOLO_A_A_ST_feature_noise,95,{},,neg_mean_absolute_error,GroupKFold(k=5) sobre 10 experimentos,"{""method"": ""none""}"
Ridge,SOLO_A,A,none,feature_noise,SOLO_A_A_ST_feature_noise,95,{},,neg_mean_absolute_error,GroupKFold(k=5) sobre 10 experimentos,"{""method"": ""none""}"
Lasso,SOLO_A,A,none,feature_noise,SOLO_A_A_ST_feature_noise,95,{},,neg_mean_absolute_error,GroupKFold(k=5) sobre 10 experimentos,"{""method"": ""none""}"
ElasticNet,SOLO_A,A,none,feature_noise,SOLO_A_A_ST_feature_noise,95,{},,neg_mean_absolute_error,GroupKFold(k=5) sobre 10 experimentos,"{""method"": ""none""}"
SVR,SOLO_A,A,none,feature_noise,SOLO_A_A_ST_feature_noise,95,{},,neg_mean_absolute_error,GroupKFold(k=5) sobre 10 experimentos,"{""method"": ""none""}"
RandomForest,SOLO_A,A,none,feature_noise,SOLO_A_A_ST_feature_noise,95,{},,neg_mean_absolute_error,GroupKFold(k=5) sobre 10 experimentos,"{""method"": ""none""}"
XGBoost,SOLO_A,A,none,feature_noise,SOLO_A_A_ST_feature_noise,95,{},,neg_mean_absolute_error,GroupKFold(k=5) sobre 10 experimentos,"{""method"": ""none""}"
MLP,SOLO_A,A,none,feature_noise,SOLO_A_A_ST_feature_noise,95,{},,neg_mean_absolute_error,GroupKFold(k=5) sobre 10 experimentos,"{""method"": ""none""}"
BNN,SOLO_A,A,none,feature_noise,SOLO_A_A_ST_feature_noise,95,{},,neg_mean_absolute_error,GroupKFold(k=5) sobre 10 experimentos,"{""method"": ""none""}"
DummyRegressor,SOLO_A,A,none,feature_noise,SOLO_A_A_CT_random_feature_noise,95,{},,neg_mean_absolute_error,GroupKFold(k=5) sobre 10 experimentos,"{""method"": ""none""}"
Ridge,SOLO_A,A,random,feature_noise,SOLO_A_A_CT_random_feature_noise,95,"{""model__alpha"": 1}",22.135046947821387,neg_mean_absolute_error,GroupKFold(k=5) sobre 10 experimentos,"{""method"": ""random"", ""n_candidates"": 5}"
Lasso,SOLO_A,A,random,feature_noise,SOLO_A_A_CT_random_feature_noise,95,"{""model__alpha"": 0.01}",32.84648352752423,neg_mean_absolute_error,GroupKFold(k=5) sobre 10 experimentos,"{""method"": ""random"", ""n_candidates"": 5}"
ElasticNet,SOLO_A,A,random,feature_noise,SOLO_A_A_CT_random_feature_noise,95,"{""model__l1_ratio"": 0.3, ""model__alpha"": 0.01}",20.345258648785492,neg_mean_absolute_error,GroupKFold(k=5) sobre 10 experimentos,"{""method"": ""random"", ""n_candidates"": 20}"
SVR,SOLO_A,A,random,feature_noise,SOLO_A_A_CT_random_feature_noise,95,"{""model__gamma"": 0.01, ""model__epsilon"": 5, ""model__C"": 100}",48.9479316304942,neg_mean_absolute_error,GroupKFold(k=5) sobre 10 experimentos,"{""method"": ""random"", ""n_candidates"": 20}"
RandomForest,SOLO_A,A,random,feature_noise,SOLO_A_A_CT_random_feature_noise,95,"{""model__n_estimators"": 200, ""model__min_samples_leaf"": 3, ""model__max_depth"": 5}",54.638009824203564,neg_mean_absolute_error,GroupKFold(k=5) sobre 10 experimentos,"{""method"": ""random"", ""n_candidates"": 20}"
XGBoost,SOLO_A,A,random,feature_noise,SOLO_A_A_CT_random_feature_noise,95,"{""model__subsample"": 0.8, ""model__reg_lambda"": 5, ""model__n_estimators"": 50, ""model__max_depth"": 1, ""model__learning_rate"": 0.1, ""model__colsample_bytree"": 0.8}",42.89208831787109,neg_mean_absolute_error,GroupKFold(k=5) sobre 10 experimentos,"{""method"": ""random"", ""n_candidates"": 20}"
MLP,SOLO_A,A,none,feature_noise,SOLO_A_A_CT_random_feature_noise,95,{},,neg_mean_absolute_error,GroupKFold(k=5) sobre 10 experimentos,"{""method"": ""none""}"
BNN,SOLO_A,A,none,feature_noise,SOLO_A_A_CT_random_feature_noise,95,{},,neg_mean_absolute_error,GroupKFold(k=5) sobre 10 experimentos,"{""method"": ""none""}"
DummyRegressor,SOLO_A,A,none,feature_noise,SOLO_A_A_CT_grid_feature_noise,95,{},,neg_mean_absolute_error,GroupKFold(k=5) sobre 10 experimentos,"{""method"": ""none""}"
Ridge,SOLO_A,A,grid,feature_noise,SOLO_A_A_CT_grid_feature_noise,95,"{""model__alpha"": 1}",22.135046947821387,neg_mean_absolute_error,GroupKFold(k=5) sobre 10 experimentos,"{""method"": ""grid"", ""n_candidates"": 5}"
Lasso,SOLO_A,A,grid,feature_noise,SOLO_A_A_CT_grid_feature_noise,95,"{""model__alpha"": 0.01}",32.84648352752423,neg_mean_absolute_error,GroupKFold(k=5) sobre 10 experimentos,"{""method"": ""grid"", ""n_candidates"": 5}"
ElasticNet,SOLO_A,A,grid,feature_noise,SOLO_A_A_CT_grid_feature_noise,95,"{""model__alpha"": 0.01, ""model__l1_ratio"": 0.3}",20.345258648785492,neg_mean_absolute_error,GroupKFold(k=5) sobre 10 experimentos,"{""method"": ""grid"", ""n_candidates"": 20}"
SVR,SOLO_A,A,grid,feature_noise,SOLO_A_A_CT_grid_feature_noise,95,"{""model__C"": 100, ""model__epsilon"": 10, ""model__gamma"": ""scale""}",49.11316411240186,neg_mean_absolute_error,GroupKFold(k=5) sobre 10 experimentos,"{""method"": ""grid"", ""n_candidates"": 32}"
RandomForest,SOLO_A,A,grid,feature_noise,SOLO_A_A_CT_grid_feature_noise,95,"{""model__max_depth"": null, ""model__min_samples_leaf"": 3, ""model__n_estimators"": 200}",54.638009824203564,neg_mean_absolute_error,GroupKFold(k=5) sobre 10 experimentos,"{""method"": ""grid"", ""n_candidates"": 36}"
XGBoost,SOLO_A,A,grid,feature_noise,SOLO_A_A_CT_grid_feature_noise,95,"{""model__colsample_bytree"": 0.8, ""model__learning_rate"": 0.05, ""model__max_depth"": 1, ""model__n_estimators"": 200, ""model__reg_lambda"": 5, ""model__subsample"": 0.8}",41.59700698852539,neg_mean_absolute_error,GroupKFold(k=5) sobre 10 experimentos,"{""method"": ""grid"", ""n_candidates"": 54}"
MLP,SOLO_A,A,none,feature_noise,SOLO_A_A_CT_grid_feature_noise,95,{},,neg_mean_absolute_error,GroupKFold(k=5) sobre 10 experimentos,"{""method"": ""none""}"
BNN,SOLO_A,A,none,feature_noise,SOLO_A_A_CT_grid_feature_noise,95,{},,neg_mean_absolute_error,GroupKFold(k=5) sobre 10 experimentos,"{""method"": ""none""}"
DummyRegressor,SOLO_A,A,none,feature_scaling,SOLO_A_A_ST_feature_scaling,95,{},,neg_mean_absolute_error,GroupKFold(k=5) sobre 10 experimentos,"{""method"": ""none""}"
Ridge,SOLO_A,A,none,feature_scaling,SOLO_A_A_ST_feature_scaling,95,{},,neg_mean_absolute_error,GroupKFold(k=5) sobre 10 experimentos,"{""method"": ""none""}"
Lasso,SOLO_A,A,none,feature_scaling,SOLO_A_A_ST_feature_scaling,95,{},,neg_mean_absolute_error,GroupKFold(k=5) sobre 10 experimentos,"{""method"": ""none""}"
ElasticNet,SOLO_A,A,none,feature_scaling,SOLO_A_A_ST_feature_scaling,95,{},,neg_mean_absolute_error,GroupKFold(k=5) sobre 10 experimentos,"{""method"": ""none""}"
SVR,SOLO_A,A,none,feature_scaling,SOLO_A_A_ST_feature_scaling,95,{},,neg_mean_absolute_error,GroupKFold(k=5) sobre 10 experimentos,"{""method"": ""none""}"
RandomForest,SOLO_A,A,none,feature_scaling,SOLO_A_A_ST_feature_scaling,95,{},,neg_mean_absolute_error,GroupKFold(k=5) sobre 10 experimentos,"{""method"": ""none""}"
XGBoost,SOLO_A,A,none,feature_scaling,SOLO_A_A_ST_feature_scaling,95,{},,neg_mean_absolute_error,GroupKFold(k=5) sobre 10 experimentos,"{""method"": ""none""}"
MLP,SOLO_A,A,none,feature_scaling,SOLO_A_A_ST_feature_scaling,95,{},,neg_mean_absolute_error,GroupKFold(k=5) sobre 10 experimentos,"{""method"": ""none""}"
BNN,SOLO_A,A,none,feature_scaling,SOLO_A_A_ST_feature_scaling,95,{},,neg_mean_absolute_error,GroupKFold(k=5) sobre 10 experimentos,"{""method"": ""none""}"
DummyRegressor,SOLO_A,A,none,feature_scaling,SOLO_A_A_CT_random_feature_scaling,95,{},,neg_mean_absolute_error,GroupKFold(k=5) sobre 10 experimentos,"{""method"": ""none""}"
Ridge,SOLO_A,A,random,feature_scaling,SOLO_A_A_CT_random_feature_scaling,95,"{""model__alpha"": 0.1}",17.597055746881136,neg_mean_absolute_error,GroupKFold(k=5) sobre 10 experimentos,"{""method"": ""random"", ""n_candidates"": 5}"
Lasso,SOLO_A,A,random,feature_scaling,SOLO_A_A_CT_random_feature_scaling,95,"{""model__alpha"": 1}",34.230203450383144,neg_mean_absolute_error,GroupKFold(k=5) sobre 10 experimentos,"{""method"": ""random"", ""n_candidates"": 5}"
ElasticNet,SOLO_A,A,random,feature_scaling,SOLO_A_A_CT_random_feature_scaling,95,"{""model__l1_ratio"": 0.3, ""model__alpha"": 0.01}",16.058002066582272,neg_mean_absolute_error,GroupKFold(k=5) sobre 10 experimentos,"{""method"": ""random"", ""n_candidates"": 20}"
SVR,SOLO_A,A,random,feature_scaling,SOLO_A_A_CT_random_feature_scaling,95,"{""model__gamma"": 0.01, ""model__epsilon"": 0.1, ""model__C"": 100}",48.59405924831021,neg_mean_absolute_error,GroupKFold(k=5) sobre 10 experimentos,"{""method"": ""random"", ""n_candidates"": 20}"
RandomForest,SOLO_A,A,random,feature_scaling,SOLO_A_A_CT_random_feature_scaling,95,"{""model__n_estimators"": 200, ""model__min_samples_leaf"": 3, ""model__max_depth"": 5}",56.04339198024197,neg_mean_absolute_error,GroupKFold(k=5) sobre 10 experimentos,"{""method"": ""random"", ""n_candidates"": 20}"
XGBoost,SOLO_A,A,random,feature_scaling,SOLO_A_A_CT_random_feature_scaling,95,"{""model__subsample"": 0.8, ""model__reg_lambda"": 1, ""model__n_estimators"": 100, ""model__max_depth"": 1, ""model__learning_rate"": 0.1, ""model__colsample_bytree"": 0.8}",42.70459480285645,neg_mean_absolute_error,GroupKFold(k=5) sobre 10 experimentos,"{""method"": ""random"", ""n_candidates"": 20}"
MLP,SOLO_A,A,none,feature_scaling,SOLO_A_A_CT_random_feature_scaling,95,{},,neg_mean_absolute_error,GroupKFold(k=5) sobre 10 experimentos,"{""method"": ""none""}"
BNN,SOLO_A,A,none,feature_scaling,SOLO_A_A_CT_random_feature_scaling,95,{},,neg_mean_absolute_error,GroupKFold(k=5) sobre 10 experimentos,"{""method"": ""none""}"
DummyRegressor,SOLO_A,A,none,feature_scaling,SOLO_A_A_CT_grid_feature_scaling,95,{},,neg_mean_absolute_error,GroupKFold(k=5) sobre 10 experimentos,"{""method"": ""none""}"
Ridge,SOLO_A,A,grid,feature_scaling,SOLO_A_A_CT_grid_feature_scaling,95,"{""model__alpha"": 0.1}",17.597055746881136,neg_mean_absolute_error,GroupKFold(k=5) sobre 10 experimentos,"{""method"": ""grid"", ""n_candidates"": 5}"
Lasso,SOLO_A,A,grid,feature_scaling,SOLO_A_A_CT_grid_feature_scaling,95,"{""model__alpha"": 1}",34.230203450383144,neg_mean_absolute_error,GroupKFold(k=5) sobre 10 experimentos,"{""method"": ""grid"", ""n_candidates"": 5}"
ElasticNet,SOLO_A,A,grid,feature_scaling,SOLO_A_A_CT_grid_feature_scaling,95,"{""model__alpha"": 0.01, ""model__l1_ratio"": 0.3}",16.058002066582272,neg_mean_absolute_error,GroupKFold(k=5) sobre 10 experimentos,"{""method"": ""grid"", ""n_candidates"": 20}"
SVR,SOLO_A,A,grid,feature_scaling,SOLO_A_A_CT_grid_feature_scaling,95,"{""model__C"": 100, ""model__epsilon"": 0.1, ""model__gamma"": ""scale""}",48.90022420902536,neg_mean_absolute_error,GroupKFold(k=5) sobre 10 experimentos,"{""method"": ""grid"", ""n_candidates"": 32}"
RandomForest,SOLO_A,A,grid,feature_scaling,SOLO_A_A_CT_grid_feature_scaling,95,"{""model__max_depth"": 5, ""model__min_samples_leaf"": 3, ""model__n_estimators"": 200}",56.043391980241985,neg_mean_absolute_error,GroupKFold(k=5) sobre 10 experimentos,"{""method"": ""grid"", ""n_candidates"": 36}"
XGBoost,SOLO_A,A,grid,feature_scaling,SOLO_A_A_CT_grid_feature_scaling,95,"{""model__colsample_bytree"": 0.8, ""model__learning_rate"": 0.05, ""model__max_depth"": 1, ""model__n_estimators"": 200, ""model__reg_lambda"": 5, ""model__subsample"": 0.8}",41.90781040191651,neg_mean_absolute_error,GroupKFold(k=5) sobre 10 experimentos,"{""method"": ""grid"", ""n_candidates"": 54}"
MLP,SOLO_A,A,none,feature_scaling,SOLO_A_A_CT_grid_feature_scaling,95,{},,neg_mean_absolute_error,GroupKFold(k=5) sobre 10 experimentos,"{""method"": ""none""}"
BNN,SOLO_A,A,none,feature_scaling,SOLO_A_A_CT_grid_feature_scaling,95,{},,neg_mean_absolute_error,GroupKFold(k=5) sobre 10 experimentos,"{""method"": ""none""}"
DummyRegressor,SOLO_A,A,none,grouped_scaling,SOLO_A_A_ST_grouped_scaling,95,{},,neg_mean_absolute_error,GroupKFold(k=5) sobre 10 experimentos,"{""method"": ""none""}"
Ridge,SOLO_A,A,none,grouped_scaling,SOLO_A_A_ST_grouped_scaling,95,{},,neg_mean_absolute_error,GroupKFold(k=5) sobre 10 experimentos,"{""method"": ""none""}"
Lasso,SOLO_A,A,none,grouped_scaling,SOLO_A_A_ST_grouped_scaling,95,{},,neg_mean_absolute_error,GroupKFold(k=5) sobre 10 experimentos,"{""method"": ""none""}"
ElasticNet,SOLO_A,A,none,grouped_scaling,SOLO_A_A_ST_grouped_scaling,95,{},,neg_mean_absolute_error,GroupKFold(k=5) sobre 10 experimentos,"{""method"": ""none""}"
SVR,SOLO_A,A,none,grouped_scaling,SOLO_A_A_ST_grouped_scaling,95,{},,neg_mean_absolute_error,GroupKFold(k=5) sobre 10 experimentos,"{""method"": ""none""}"
RandomForest,SOLO_A,A,none,grouped_scaling,SOLO_A_A_ST_grouped_scaling,95,{},,neg_mean_absolute_error,GroupKFold(k=5) sobre 10 experimentos,"{""method"": ""none""}"
XGBoost,SOLO_A,A,none,grouped_scaling,SOLO_A_A_ST_grouped_scaling,95,{},,neg_mean_absolute_error,GroupKFold(k=5) sobre 10 experimentos,"{""method"": ""none""}"
MLP,SOLO_A,A,none,grouped_scaling,SOLO_A_A_ST_grouped_scaling,95,{},,neg_mean_absolute_error,GroupKFold(k=5) sobre 10 experimentos,"{""method"": ""none""}"
BNN,SOLO_A,A,none,grouped_scaling,SOLO_A_A_ST_grouped_scaling,95,{},,neg_mean_absolute_error,GroupKFold(k=5) sobre 10 experimentos,"{""method"": ""none""}"
DummyRegressor,SOLO_A,A,none,grouped_scaling,SOLO_A_A_CT_random_grouped_scaling,95,{},,neg_mean_absolute_error,GroupKFold(k=5) sobre 10 experimentos,"{""method"": ""none""}"
Ridge,SOLO_A,A,random,grouped_scaling,SOLO_A_A_CT_random_grouped_scaling,95,"{""model__alpha"": 0.1}",20.68137912961442,neg_mean_absolute_error,GroupKFold(k=5) sobre 10 experimentos,"{""method"": ""random"", ""n_candidates"": 5}"
Lasso,SOLO_A,A,random,grouped_scaling,SOLO_A_A_CT_random_grouped_scaling,95,"{""model__alpha"": 0.01}",24.991207370500668,neg_mean_absolute_error,GroupKFold(k=5) sobre 10 experimentos,"{""method"": ""random"", ""n_candidates"": 5}"
ElasticNet,SOLO_A,A,random,grouped_scaling,SOLO_A_A_CT_random_grouped_scaling,95,"{""model__l1_ratio"": 0.5, ""model__alpha"": 0.01}",20.506459135482093,neg_mean_absolute_error,GroupKFold(k=5) sobre 10 experimentos,"{""method"": ""random"", ""n_candidates"": 20}"
SVR,SOLO_A,A,random,grouped_scaling,SOLO_A_A_CT_random_grouped_scaling,95,"{""model__gamma"": 0.01, ""model__epsilon"": 5, ""model__C"": 100}",48.79116636178908,neg_mean_absolute_error,GroupKFold(k=5) sobre 10 experimentos,"{""method"": ""random"", ""n_candidates"": 20}"
RandomForest,SOLO_A,A,random,grouped_scaling,SOLO_A_A_CT_random_grouped_scaling,95,"{""model__n_estimators"": 200, ""model__min_samples_leaf"": 3, ""model__max_depth"": null}",55.221686898518136,neg_mean_absolute_error,GroupKFold(k=5) sobre 10 experimentos,"{""method"": ""random"", ""n_candidates"": 20}"
XGBoost,SOLO_A,A,random,grouped_scaling,SOLO_A_A_CT_random_grouped_scaling,95,"{""model__subsample"": 0.8, ""model__reg_lambda"": 1, ""model__n_estimators"": 100, ""model__max_depth"": 1, ""model__learning_rate"": 0.1, ""model__colsample_bytree"": 0.8}",39.76102867126465,neg_mean_absolute_error,GroupKFold(k=5) sobre 10 experimentos,"{""method"": ""random"", ""n_candidates"": 20}"
MLP,SOLO_A,A,none,grouped_scaling,SOLO_A_A_CT_random_grouped_scaling,95,{},,neg_mean_absolute_error,GroupKFold(k=5) sobre 10 experimentos,"{""method"": ""none""}"
BNN,SOLO_A,A,none,grouped_scaling,SOLO_A_A_CT_random_grouped_scaling,95,{},,neg_mean_absolute_error,GroupKFold(k=5) sobre 10 experimentos,"{""method"": ""none""}"
DummyRegressor,SOLO_A,A,none,grouped_scaling,SOLO_A_A_CT_grid_grouped_scaling,95,{},,neg_mean_absolute_error,GroupKFold(k=5) sobre 10 experimentos,"{""method"": ""none""}"
Ridge,SOLO_A,A,grid,grouped_scaling,SOLO_A_A_CT_grid_grouped_scaling,95,"{""model__alpha"": 0.1}",20.68137912961442,neg_mean_absolute_error,GroupKFold(k=5) sobre 10 experimentos,"{""method"": ""grid"", ""n_candidates"": 5}"
Lasso,SOLO_A,A,grid,grouped_scaling,SOLO_A_A_CT_grid_grouped_scaling,95,"{""model__alpha"": 0.01}",24.991207370500668,neg_mean_absolute_error,GroupKFold(k=5) sobre 10 experimentos,"{""method"": ""grid"", ""n_candidates"": 5}"
ElasticNet,SOLO_A,A,grid,grouped_scaling,SOLO_A_A_CT_grid_grouped_scaling,95,"{""model__alpha"": 0.01, ""model__l1_ratio"": 0.5}",20.506459135482093,neg_mean_absolute_error,GroupKFold(k=5) sobre 10 experimentos,"{""method"": ""grid"", ""n_candidates"": 20}"
SVR,SOLO_A,A,grid,grouped_scaling,SOLO_A_A_CT_grid_grouped_scaling,95,"{""model__C"": 100, ""model__epsilon"": 10, ""model__gamma"": ""scale""}",48.99942155112959,neg_mean_absolute_error,GroupKFold(k=5) sobre 10 experimentos,"{""method"": ""grid"", ""n_candidates"": 32}"
RandomForest,SOLO_A,A,grid,grouped_scaling,SOLO_A_A_CT_grid_grouped_scaling,95,"{""model__max_depth"": null, ""model__min_samples_leaf"": 3, ""model__n_estimators"": 200}",55.221686898518136,neg_mean_absolute_error,GroupKFold(k=5) sobre 10 experimentos,"{""method"": ""grid"", ""n_candidates"": 36}"
XGBoost,SOLO_A,A,grid,grouped_scaling,SOLO_A_A_CT_grid_grouped_scaling,95,"{""model__colsample_bytree"": 0.8, ""model__learning_rate"": 0.1, ""model__max_depth"": 1, ""model__n_estimators"": 100, ""model__reg_lambda"": 5, ""model__subsample"": 0.8}",41.43997097015381,neg_mean_absolute_error,GroupKFold(k=5) sobre 10 experimentos,"{""method"": ""grid"", ""n_candidates"": 54}"
MLP,SOLO_A,A,none,grouped_scaling,SOLO_A_A_CT_grid_grouped_scaling,95,{},,neg_mean_absolute_error,GroupKFold(k=5) sobre 10 experimentos,"{""method"": ""none""}"
BNN,SOLO_A,A,none,grouped_scaling,SOLO_A_A_CT_grid_grouped_scaling,95,{},,neg_mean_absolute_error,GroupKFold(k=5) sobre 10 experimentos,"{""method"": ""none""}"
DummyRegressor,SOLO_R,N,none,none,SOLO_R_N_ST,93,{},,neg_mean_absolute_error,GroupKFold(k=5) sobre 10 experimentos,"{""method"": ""none""}"
Ridge,SOLO_R,N,none,none,SOLO_R_N_ST,93,{},,neg_mean_absolute_error,GroupKFold(k=5) sobre 10 experimentos,"{""method"": ""none""}"
Lasso,SOLO_R,N,none,none,SOLO_R_N_ST,93,{},,neg_mean_absolute_error,GroupKFold(k=5) sobre 10 experimentos,"{""method"": ""none""}"
ElasticNet,SOLO_R,N,none,none,SOLO_R_N_ST,93,{},,neg_mean_absolute_error,GroupKFold(k=5) sobre 10 experimentos,"{""method"": ""none""}"
SVR,SOLO_R,N,none,none,SOLO_R_N_ST,93,{},,neg_mean_absolute_error,GroupKFold(k=5) sobre 10 experimentos,"{""method"": ""none""}"
RandomForest,SOLO_R,N,none,none,SOLO_R_N_ST,93,{},,neg_mean_absolute_error,GroupKFold(k=5) sobre 10 experimentos,"{""method"": ""none""}"
XGBoost,SOLO_R,N,none,none,SOLO_R_N_ST,93,{},,neg_mean_absolute_error,GroupKFold(k=5) sobre 10 experimentos,"{""method"": ""none""}"
MLP,SOLO_R,N,none,none,SOLO_R_N_ST,93,{},,neg_mean_absolute_error,GroupKFold(k=5) sobre 10 experimentos,"{""method"": ""none""}"
BNN,SOLO_R,N,none,none,SOLO_R_N_ST,93,{},,neg_mean_absolute_error,GroupKFold(k=5) sobre 10 experimentos,"{""method"": ""none""}"
DummyRegressor,SOLO_R,N,none,none,SOLO_R_N_CT_random,93,{},,neg_mean_absolute_error,GroupKFold(k=5) sobre 10 experimentos,"{""method"": ""none""}"
Ridge,SOLO_R,N,random,none,SOLO_R_N_CT_random,93,"{""model__alpha"": 10}",31.245532058902768,neg_mean_absolute_error,GroupKFold(k=5) sobre 10 experimentos,"{""method"": ""random"", ""n_candidates"": 5}"
Lasso,SOLO_R,N,random,none,SOLO_R_N_CT_random,93,"{""model__alpha"": 0.1}",29.430095087360293,neg_mean_absolute_error,GroupKFold(k=5) sobre 10 experimentos,"{""method"": ""random"", ""n_candidates"": 5}"
ElasticNet,SOLO_R,N,random,none,SOLO_R_N_CT_random,93,"{""model__l1_ratio"": 0.9, ""model__alpha"": 0.01}",23.35147928460424,neg_mean_absolute_error,GroupKFold(k=5) sobre 10 experimentos,"{""method"": ""random"", ""n_candidates"": 20}"
SVR,SOLO_R,N,random,none,SOLO_R_N_CT_random,93,"{""model__gamma"": ""auto"", ""model__epsilon"": 0.1, ""model__C"": 100}",48.40693833352216,neg_mean_absolute_error,GroupKFold(k=5) sobre 10 experimentos,"{""method"": ""random"", ""n_candidates"": 20}"
RandomForest,SOLO_R,N,random,none,SOLO_R_N_CT_random,93,"{""model__n_estimators"": 100, ""model__min_samples_leaf"": 1, ""model__max_depth"": 5}",44.189,neg_mean_absolute_error,GroupKFold(k=5) sobre 10 experimentos,"{""method"": ""random"", ""n_candidates"": 20}"
XGBoost,SOLO_R,N,random,none,SOLO_R_N_CT_random,93,"{""model__subsample"": 0.6, ""model__reg_lambda"": 5, ""model__n_estimators"": 100, ""model__max_depth"": 2, ""model__learning_rate"": 0.1, ""model__colsample_bytree"": 0.5}",38.56602172851562,neg_mean_absolute_error,GroupKFold(k=5) sobre 10 experimentos,"{""method"": ""random"", ""n_candidates"": 20}"
MLP,SOLO_R,N,none,none,SOLO_R_N_CT_random,93,{},,neg_mean_absolute_error,GroupKFold(k=5) sobre 10 experimentos,"{""method"": ""none""}"
BNN,SOLO_R,N,none,none,SOLO_R_N_CT_random,93,{},,neg_mean_absolute_error,GroupKFold(k=5) sobre 10 experimentos,"{""method"": ""none""}"
DummyRegressor,SOLO_R,N,none,none,SOLO_R_N_CT_grid,93,{},,neg_mean_absolute_error,GroupKFold(k=5) sobre 10 experimentos,"{""method"": ""none""}"
Ridge,SOLO_R,N,grid,none,SOLO_R_N_CT_grid,93,"{""model__alpha"": 10}",31.245532058902768,neg_mean_absolute_error,GroupKFold(k=5) sobre 10 experimentos,"{""method"": ""grid"", ""n_candidates"": 5}"
Lasso,SOLO_R,N,grid,none,SOLO_R_N_CT_grid,93,"{""model__alpha"": 0.1}",29.430095087360293,neg_mean_absolute_error,GroupKFold(k=5) sobre 10 experimentos,"{""method"": ""grid"", ""n_candidates"": 5}"
ElasticNet,SOLO_R,N,grid,none,SOLO_R_N_CT_grid,93,"{""model__alpha"": 0.01, ""model__l1_ratio"": 0.9}",23.35147928460424,neg_mean_absolute_error,GroupKFold(k=5) sobre 10 experimentos,"{""method"": ""grid"", ""n_candidates"": 20}"
SVR,SOLO_R,N,grid,none,SOLO_R_N_CT_grid,93,"{""model__C"": 100, ""model__epsilon"": 0.1, ""model__gamma"": ""scale""}",48.40693833352216,neg_mean_absolute_error,GroupKFold(k=5) sobre 10 experimentos,"{""method"": ""grid"", ""n_candidates"": 32}"
RandomForest,SOLO_R,N,grid,none,SOLO_R_N_CT_grid,93,"{""model__max_depth"": 3, ""model__min_samples_leaf"": 1, ""model__n_estimators"": 100}",44.151650000000004,neg_mean_absolute_error,GroupKFold(k=5) sobre 10 experimentos,"{""method"": ""grid"", ""n_candidates"": 36}"
XGBoost,SOLO_R,N,grid,none,SOLO_R_N_CT_grid,93,"{""model__colsample_bytree"": 0.8, ""model__learning_rate"": 0.1, ""model__max_depth"": 2, ""model__n_estimators"": 200, ""model__reg_lambda"": 10, ""model__subsample"": 0.8}",36.44091720581055,neg_mean_absolute_error,GroupKFold(k=5) sobre 10 experimentos,"{""method"": ""grid"", ""n_candidates"": 54}"
MLP,SOLO_R,N,none,none,SOLO_R_N_CT_grid,93,{},,neg_mean_absolute_error,GroupKFold(k=5) sobre 10 experimentos,"{""method"": ""none""}"
BNN,SOLO_R,N,none,none,SOLO_R_N_CT_grid,93,{},,neg_mean_absolute_error,GroupKFold(k=5) sobre 10 experimentos,"{""method"": ""none""}"
DummyRegressor,SOLO_R,A,none,feature_noise,SOLO_R_A_ST_feature_noise,93,{},,neg_mean_absolute_error,GroupKFold(k=5) sobre 10 experimentos,"{""method"": ""none""}"
Ridge,SOLO_R,A,none,feature_noise,SOLO_R_A_ST_feature_noise,93,{},,neg_mean_absolute_error,GroupKFold(k=5) sobre 10 experimentos,"{""method"": ""none""}"
Lasso,SOLO_R,A,none,feature_noise,SOLO_R_A_ST_feature_noise,93,{},,neg_mean_absolute_error,GroupKFold(k=5) sobre 10 experimentos,"{""method"": ""none""}"
ElasticNet,SOLO_R,A,none,feature_noise,SOLO_R_A_ST_feature_noise,93,{},,neg_mean_absolute_error,GroupKFold(k=5) sobre 10 experimentos,"{""method"": ""none""}"
SVR,SOLO_R,A,none,feature_noise,SOLO_R_A_ST_feature_noise,93,{},,neg_mean_absolute_error,GroupKFold(k=5) sobre 10 experimentos,"{""method"": ""none""}"
RandomForest,SOLO_R,A,none,feature_noise,SOLO_R_A_ST_feature_noise,93,{},,neg_mean_absolute_error,GroupKFold(k=5) sobre 10 experimentos,"{""method"": ""none""}"
XGBoost,SOLO_R,A,none,feature_noise,SOLO_R_A_ST_feature_noise,93,{},,neg_mean_absolute_error,GroupKFold(k=5) sobre 10 experimentos,"{""method"": ""none""}"
MLP,SOLO_R,A,none,feature_noise,SOLO_R_A_ST_feature_noise,93,{},,neg_mean_absolute_error,GroupKFold(k=5) sobre 10 experimentos,"{""method"": ""none""}"
BNN,SOLO_R,A,none,feature_noise,SOLO_R_A_ST_feature_noise,93,{},,neg_mean_absolute_error,GroupKFold(k=5) sobre 10 experimentos,"{""method"": ""none""}"
DummyRegressor,SOLO_R,A,none,feature_noise,SOLO_R_A_CT_random_feature_noise,93,{},,neg_mean_absolute_error,GroupKFold(k=5) sobre 10 experimentos,"{""method"": ""none""}"
Ridge,SOLO_R,A,random,feature_noise,SOLO_R_A_CT_random_feature_noise,93,"{""model__alpha"": 0.01}",32.363922780142005,neg_mean_absolute_error,GroupKFold(k=5) sobre 10 experimentos,"{""method"": ""random"", ""n_candidates"": 5}"
Lasso,SOLO_R,A,random,feature_noise,SOLO_R_A_CT_random_feature_noise,93,"{""model__alpha"": 0.1}",29.36619766503863,neg_mean_absolute_error,GroupKFold(k=5) sobre 10 experimentos,"{""method"": ""random"", ""n_candidates"": 5}"
ElasticNet,SOLO_R,A,random,feature_noise,SOLO_R_A_CT_random_feature_noise,93,"{""model__l1_ratio"": 0.9, ""model__alpha"": 0.1}",23.636619131222297,neg_mean_absolute_error,GroupKFold(k=5) sobre 10 experimentos,"{""method"": ""random"", ""n_candidates"": 20}"
SVR,SOLO_R,A,random,feature_noise,SOLO_R_A_CT_random_feature_noise,93,"{""model__gamma"": ""scale"", ""model__epsilon"": 5, ""model__C"": 10}",46.887626580941756,neg_mean_absolute_error,GroupKFold(k=5) sobre 10 experimentos,"{""method"": ""random"", ""n_candidates"": 20}"
RandomForest,SOLO_R,A,random,feature_noise,SOLO_R_A_CT_random_feature_noise,93,"{""model__n_estimators"": 100, ""model__min_samples_leaf"": 1, ""model__max_depth"": 5}",46.3555,neg_mean_absolute_error,GroupKFold(k=5) sobre 10 experimentos,"{""method"": ""random"", ""n_candidates"": 20}"
XGBoost,SOLO_R,A,random,feature_noise,SOLO_R_A_CT_random_feature_noise,93,"{""model__subsample"": 0.8, ""model__reg_lambda"": 5, ""model__n_estimators"": 30, ""model__max_depth"": 1, ""model__learning_rate"": 0.1, ""model__colsample_bytree"": 0.8}",38.883208465576175,neg_mean_absolute_error,GroupKFold(k=5) sobre 10 experimentos,"{""method"": ""random"", ""n_candidates"": 20}"
MLP,SOLO_R,A,none,feature_noise,SOLO_R_A_CT_random_feature_noise,93,{},,neg_mean_absolute_error,GroupKFold(k=5) sobre 10 experimentos,"{""method"": ""none""}"
BNN,SOLO_R,A,none,feature_noise,SOLO_R_A_CT_random_feature_noise,93,{},,neg_mean_absolute_error,GroupKFold(k=5) sobre 10 experimentos,"{""method"": ""none""}"
DummyRegressor,SOLO_R,A,none,feature_noise,SOLO_R_A_CT_grid_feature_noise,93,{},,neg_mean_absolute_error,GroupKFold(k=5) sobre 10 experimentos,"{""method"": ""none""}"
Ridge,SOLO_R,A,grid,feature_noise,SOLO_R_A_CT_grid_feature_noise,93,"{""model__alpha"": 0.01}",32.363922780142005,neg_mean_absolute_error,GroupKFold(k=5) sobre 10 experimentos,"{""method"": ""grid"", ""n_candidates"": 5}"
Lasso,SOLO_R,A,grid,feature_noise,SOLO_R_A_CT_grid_feature_noise,93,"{""model__alpha"": 0.1}",29.36619766503863,neg_mean_absolute_error,GroupKFold(k=5) sobre 10 experimentos,"{""method"": ""grid"", ""n_candidates"": 5}"
ElasticNet,SOLO_R,A,grid,feature_noise,SOLO_R_A_CT_grid_feature_noise,93,"{""model__alpha"": 0.1, ""model__l1_ratio"": 0.9}",23.636619131222297,neg_mean_absolute_error,GroupKFold(k=5) sobre 10 experimentos,"{""method"": ""grid"", ""n_candidates"": 20}"
SVR,SOLO_R,A,grid,feature_noise,SOLO_R_A_CT_grid_feature_noise,93,"{""model__C"": 10, ""model__epsilon"": 5, ""model__gamma"": ""scale""}",46.887626580941756,neg_mean_absolute_error,GroupKFold(k=5) sobre 10 experimentos,"{""method"": ""grid"", ""n_candidates"": 32}"
RandomForest,SOLO_R,A,grid,feature_noise,SOLO_R_A_CT_grid_feature_noise,93,"{""model__max_depth"": 5, ""model__min_samples_leaf"": 1, ""model__n_estimators"": 100}",46.3555,neg_mean_absolute_error,GroupKFold(k=5) sobre 10 experimentos,"{""method"": ""grid"", ""n_candidates"": 36}"
XGBoost,SOLO_R,A,grid,feature_noise,SOLO_R_A_CT_grid_feature_noise,93,"{""model__colsample_bytree"": 0.8, ""model__learning_rate"": 0.05, ""model__max_depth"": 1, ""model__n_estimators"": 100, ""model__reg_lambda"": 10, ""model__subsample"": 0.8}",37.532769203186035,neg_mean_absolute_error,GroupKFold(k=5) sobre 10 experimentos,"{""method"": ""grid"", ""n_candidates"": 54}"
MLP,SOLO_R,A,none,feature_noise,SOLO_R_A_CT_grid_feature_noise,93,{},,neg_mean_absolute_error,GroupKFold(k=5) sobre 10 experimentos,"{""method"": ""none""}"
BNN,SOLO_R,A,none,feature_noise,SOLO_R_A_CT_grid_feature_noise,93,{},,neg_mean_absolute_error,GroupKFold(k=5) sobre 10 experimentos,"{""method"": ""none""}"
DummyRegressor,SOLO_R,A,none,feature_scaling,SOLO_R_A_ST_feature_scaling,93,{},,neg_mean_absolute_error,GroupKFold(k=5) sobre 10 experimentos,"{""method"": ""none""}"
Ridge,SOLO_R,A,none,feature_scaling,SOLO_R_A_ST_feature_scaling,93,{},,neg_mean_absolute_error,GroupKFold(k=5) sobre 10 experimentos,"{""method"": ""none""}"
Lasso,SOLO_R,A,none,feature_scaling,SOLO_R_A_ST_feature_scaling,93,{},,neg_mean_absolute_error,GroupKFold(k=5) sobre 10 experimentos,"{""method"": ""none""}"
ElasticNet,SOLO_R,A,none,feature_scaling,SOLO_R_A_ST_feature_scaling,93,{},,neg_mean_absolute_error,GroupKFold(k=5) sobre 10 experimentos,"{""method"": ""none""}"
SVR,SOLO_R,A,none,feature_scaling,SOLO_R_A_ST_feature_scaling,93,{},,neg_mean_absolute_error,GroupKFold(k=5) sobre 10 experimentos,"{""method"": ""none""}"
RandomForest,SOLO_R,A,none,feature_scaling,SOLO_R_A_ST_feature_scaling,93,{},,neg_mean_absolute_error,GroupKFold(k=5) sobre 10 experimentos,"{""method"": ""none""}"
XGBoost,SOLO_R,A,none,feature_scaling,SOLO_R_A_ST_feature_scaling,93,{},,neg_mean_absolute_error,GroupKFold(k=5) sobre 10 experimentos,"{""method"": ""none""}"
MLP,SOLO_R,A,none,feature_scaling,SOLO_R_A_ST_feature_scaling,93,{},,neg_mean_absolute_error,GroupKFold(k=5) sobre 10 experimentos,"{""method"": ""none""}"
BNN,SOLO_R,A,none,feature_scaling,SOLO_R_A_ST_feature_scaling,93,{},,neg_mean_absolute_error,GroupKFold(k=5) sobre 10 experimentos,"{""method"": ""none""}"
DummyRegressor,SOLO_R,A,none,feature_scaling,SOLO_R_A_CT_random_feature_scaling,93,{},,neg_mean_absolute_error,GroupKFold(k=5) sobre 10 experimentos,"{""method"": ""none""}"
Ridge,SOLO_R,A,random,feature_scaling,SOLO_R_A_CT_random_feature_scaling,93,"{""model__alpha"": 100}",34.319980449230755,neg_mean_absolute_error,GroupKFold(k=5) sobre 10 experimentos,"{""method"": ""random"", ""n_candidates"": 5}"
Lasso,SOLO_R,A,random,feature_scaling,SOLO_R_A_CT_random_feature_scaling,93,"{""model__alpha"": 1}",29.63601945030691,neg_mean_absolute_error,GroupKFold(k=5) sobre 10 experimentos,"{""method"": ""random"", ""n_candidates"": 5}"
ElasticNet,SOLO_R,A,random,feature_scaling,SOLO_R_A_CT_random_feature_scaling,93,"{""model__l1_ratio"": 0.9, ""model__alpha"": 0.1}",23.47604714948439,neg_mean_absolute_error,GroupKFold(k=5) sobre 10 experimentos,"{""method"": ""random"", ""n_candidates"": 20}"
SVR,SOLO_R,A,random,feature_scaling,SOLO_R_A_CT_random_feature_scaling,93,"{""model__gamma"": ""scale"", ""model__epsilon"": 5, ""model__C"": 10}",46.85133866663007,neg_mean_absolute_error,GroupKFold(k=5) sobre 10 experimentos,"{""method"": ""random"", ""n_candidates"": 20}"
RandomForest,SOLO_R,A,random,feature_scaling,SOLO_R_A_CT_random_feature_scaling,93,"{""model__n_estimators"": 200, ""model__min_samples_leaf"": 3, ""model__max_depth"": 3}",49.16620853521478,neg_mean_absolute_error,GroupKFold(k=5) sobre 10 experimentos,"{""method"": ""random"", ""n_candidates"": 20}"
XGBoost,SOLO_R,A,random,feature_scaling,SOLO_R_A_CT_random_feature_scaling,93,"{""model__subsample"": 0.6, ""model__reg_lambda"": 10, ""model__n_estimators"": 30, ""model__max_depth"": 1, ""model__learning_rate"": 0.1, ""model__colsample_bytree"": 1.0}",40.26155052185059,neg_mean_absolute_error,GroupKFold(k=5) sobre 10 experimentos,"{""method"": ""random"", ""n_candidates"": 20}"
MLP,SOLO_R,A,none,feature_scaling,SOLO_R_A_CT_random_feature_scaling,93,{},,neg_mean_absolute_error,GroupKFold(k=5) sobre 10 experimentos,"{""method"": ""none""}"
BNN,SOLO_R,A,none,feature_scaling,SOLO_R_A_CT_random_feature_scaling,93,{},,neg_mean_absolute_error,GroupKFold(k=5) sobre 10 experimentos,"{""method"": ""none""}"
DummyRegressor,SOLO_R,A,none,feature_scaling,SOLO_R_A_CT_grid_feature_scaling,93,{},,neg_mean_absolute_error,GroupKFold(k=5) sobre 10 experimentos,"{""method"": ""none""}"
Ridge,SOLO_R,A,grid,feature_scaling,SOLO_R_A_CT_grid_feature_scaling,93,"{""model__alpha"": 100}",34.319980449230755,neg_mean_absolute_error,GroupKFold(k=5) sobre 10 experimentos,"{""method"": ""grid"", ""n_candidates"": 5}"
Lasso,SOLO_R,A,grid,feature_scaling,SOLO_R_A_CT_grid_feature_scaling,93,"{""model__alpha"": 1}",29.63601945030691,neg_mean_absolute_error,GroupKFold(k=5) sobre 10 experimentos,"{""method"": ""grid"", ""n_candidates"": 5}"
ElasticNet,SOLO_R,A,grid,feature_scaling,SOLO_R_A_CT_grid_feature_scaling,93,"{""model__alpha"": 0.1, ""model__l1_ratio"": 0.9}",23.47604714948439,neg_mean_absolute_error,GroupKFold(k=5) sobre 10 experimentos,"{""method"": ""grid"", ""n_candidates"": 20}"
SVR,SOLO_R,A,grid,feature_scaling,SOLO_R_A_CT_grid_feature_scaling,93,"{""model__C"": 10, ""model__epsilon"": 5, ""model__gamma"": ""scale""}",46.85133866663007,neg_mean_absolute_error,GroupKFold(k=5) sobre 10 experimentos,"{""method"": ""grid"", ""n_candidates"": 32}"
RandomForest,SOLO_R,A,grid,feature_scaling,SOLO_R_A_CT_grid_feature_scaling,93,"{""model__max_depth"": 5, ""model__min_samples_leaf"": 1, ""model__n_estimators"": 50}",48.911,neg_mean_absolute_error,GroupKFold(k=5) sobre 10 experimentos,"{""method"": ""grid"", ""n_candidates"": 36}"
XGBoost,SOLO_R,A,grid,feature_scaling,SOLO_R_A_CT_grid_feature_scaling,93,"{""model__colsample_bytree"": 0.8, ""model__learning_rate"": 0.05, ""model__max_depth"": 1, ""model__n_estimators"": 50, ""model__reg_lambda"": 5, ""model__subsample"": 0.8}",39.869000625610354,neg_mean_absolute_error,GroupKFold(k=5) sobre 10 experimentos,"{""method"": ""grid"", ""n_candidates"": 54}"
MLP,SOLO_R,A,none,feature_scaling,SOLO_R_A_CT_grid_feature_scaling,93,{},,neg_mean_absolute_error,GroupKFold(k=5) sobre 10 experimentos,"{""method"": ""none""}"
BNN,SOLO_R,A,none,feature_scaling,SOLO_R_A_CT_grid_feature_scaling,93,{},,neg_mean_absolute_error,GroupKFold(k=5) sobre 10 experimentos,"{""method"": ""none""}"
DummyRegressor,SOLO_R,A,none,grouped_scaling,SOLO_R_A_ST_grouped_scaling,93,{},,neg_mean_absolute_error,GroupKFold(k=5) sobre 10 experimentos,"{""method"": ""none""}"
Ridge,SOLO_R,A,none,grouped_scaling,SOLO_R_A_ST_grouped_scaling,93,{},,neg_mean_absolute_error,GroupKFold(k=5) sobre 10 experimentos,"{""method"": ""none""}"
Lasso,SOLO_R,A,none,grouped_scaling,SOLO_R_A_ST_grouped_scaling,93,{},,neg_mean_absolute_error,GroupKFold(k=5) sobre 10 experimentos,"{""method"": ""none""}"
ElasticNet,SOLO_R,A,none,grouped_scaling,SOLO_R_A_ST_grouped_scaling,93,{},,neg_mean_absolute_error,GroupKFold(k=5) sobre 10 experimentos,"{""method"": ""none""}"
SVR,SOLO_R,A,none,grouped_scaling,SOLO_R_A_ST_grouped_scaling,93,{},,neg_mean_absolute_error,GroupKFold(k=5) sobre 10 experimentos,"{""method"": ""none""}"
RandomForest,SOLO_R,A,none,grouped_scaling,SOLO_R_A_ST_grouped_scaling,93,{},,neg_mean_absolute_error,GroupKFold(k=5) sobre 10 experimentos,"{""method"": ""none""}"
XGBoost,SOLO_R,A,none,grouped_scaling,SOLO_R_A_ST_grouped_scaling,93,{},,neg_mean_absolute_error,GroupKFold(k=5) sobre 10 experimentos,"{""method"": ""none""}"
MLP,SOLO_R,A,none,grouped_scaling,SOLO_R_A_ST_grouped_scaling,93,{},,neg_mean_absolute_error,GroupKFold(k=5) sobre 10 experimentos,"{""method"": ""none""}"
BNN,SOLO_R,A,none,grouped_scaling,SOLO_R_A_ST_grouped_scaling,93,{},,neg_mean_absolute_error,GroupKFold(k=5) sobre 10 experimentos,"{""method"": ""none""}"
DummyRegressor,SOLO_R,A,none,grouped_scaling,SOLO_R_A_CT_random_grouped_scaling,93,{},,neg_mean_absolute_error,GroupKFold(k=5) sobre 10 experimentos,"{""method"": ""none""}"
Ridge,SOLO_R,A,random,grouped_scaling,SOLO_R_A_CT_random_grouped_scaling,93,"{""model__alpha"": 0.01}",27.895509387634956,neg_mean_absolute_error,GroupKFold(k=5) sobre 10 experimentos,"{""method"": ""random"", ""n_candidates"": 5}"
Lasso,SOLO_R,A,random,grouped_scaling,SOLO_R_A_CT_random_grouped_scaling,93,"{""model__alpha"": 0.01}",31.949520263851678,neg_mean_absolute_error,GroupKFold(k=5) sobre 10 experimentos,"{""method"": ""random"", ""n_candidates"": 5}"
ElasticNet,SOLO_R,A,random,grouped_scaling,SOLO_R_A_CT_random_grouped_scaling,93,"{""model__l1_ratio"": 0.9, ""model__alpha"": 0.1}",24.656133143933516,neg_mean_absolute_error,GroupKFold(k=5) sobre 10 experimentos,"{""method"": ""random"", ""n_candidates"": 20}"
SVR,SOLO_R,A,random,grouped_scaling,SOLO_R_A_CT_random_grouped_scaling,93,"{""model__gamma"": ""scale"", ""model__epsilon"": 5, ""model__C"": 10}",46.82842660577416,neg_mean_absolute_error,GroupKFold(k=5) sobre 10 experimentos,"{""method"": ""random"", ""n_candidates"": 20}"
RandomForest,SOLO_R,A,random,grouped_scaling,SOLO_R_A_CT_random_grouped_scaling,93,"{""model__n_estimators"": 100, ""model__min_samples_leaf"": 1, ""model__max_depth"": 5}",50.067249999999994,neg_mean_absolute_error,GroupKFold(k=5) sobre 10 experimentos,"{""method"": ""random"", ""n_candidates"": 20}"
XGBoost,SOLO_R,A,random,grouped_scaling,SOLO_R_A_CT_random_grouped_scaling,93,"{""model__subsample"": 0.6, ""model__reg_lambda"": 10, ""model__n_estimators"": 30, ""model__max_depth"": 1, ""model__learning_rate"": 0.1, ""model__colsample_bytree"": 1.0}",36.989188003540036,neg_mean_absolute_error,GroupKFold(k=5) sobre 10 experimentos,"{""method"": ""random"", ""n_candidates"": 20}"
MLP,SOLO_R,A,none,grouped_scaling,SOLO_R_A_CT_random_grouped_scaling,93,{},,neg_mean_absolute_error,GroupKFold(k=5) sobre 10 experimentos,"{""method"": ""none""}"
BNN,SOLO_R,A,none,grouped_scaling,SOLO_R_A_CT_random_grouped_scaling,93,{},,neg_mean_absolute_error,GroupKFold(k=5) sobre 10 experimentos,"{""method"": ""none""}"
DummyRegressor,SOLO_R,A,none,grouped_scaling,SOLO_R_A_CT_grid_grouped_scaling,93,{},,neg_mean_absolute_error,GroupKFold(k=5) sobre 10 experimentos,"{""method"": ""none""}"
Ridge,SOLO_R,A,grid,grouped_scaling,SOLO_R_A_CT_grid_grouped_scaling,93,"{""model__alpha"": 0.01}",27.895509387634956,neg_mean_absolute_error,GroupKFold(k=5) sobre 10 experimentos,"{""method"": ""grid"", ""n_candidates"": 5}"
Lasso,SOLO_R,A,grid,grouped_scaling,SOLO_R_A_CT_grid_grouped_scaling,93,"{""model__alpha"": 0.01}",31.949520263851678,neg_mean_absolute_error,GroupKFold(k=5) sobre 10 experimentos,"{""method"": ""grid"", ""n_candidates"": 5}"
ElasticNet,SOLO_R,A,grid,grouped_scaling,SOLO_R_A_CT_grid_grouped_scaling,93,"{""model__alpha"": 0.1, ""model__l1_ratio"": 0.9}",24.656133143933516,neg_mean_absolute_error,GroupKFold(k=5) sobre 10 experimentos,"{""method"": ""grid"", ""n_candidates"": 20}"
SVR,SOLO_R,A,grid,grouped_scaling,SOLO_R_A_CT_grid_grouped_scaling,93,"{""model__C"": 10, ""model__epsilon"": 5, ""model__gamma"": ""scale""}",46.82842660577416,neg_mean_absolute_error,GroupKFold(k=5) sobre 10 experimentos,"{""method"": ""grid"", ""n_candidates"": 32}"
RandomForest,SOLO_R,A,grid,grouped_scaling,SOLO_R_A_CT_grid_grouped_scaling,93,"{""model__max_depth"": 5, ""model__min_samples_leaf"": 1, ""model__n_estimators"": 100}",50.067249999999994,neg_mean_absolute_error,GroupKFold(k=5) sobre 10 experimentos,"{""method"": ""grid"", ""n_candidates"": 36}"
XGBoost,SOLO_R,A,grid,grouped_scaling,SOLO_R_A_CT_grid_grouped_scaling,93,"{""model__colsample_bytree"": 0.8, ""model__learning_rate"": 0.05, ""model__max_depth"": 1, ""model__n_estimators"": 100, ""model__reg_lambda"": 5, ""model__subsample"": 0.8}",36.83455600738525,neg_mean_absolute_error,GroupKFold(k=5) sobre 10 experimentos,"{""method"": ""grid"", ""n_candidates"": 54}"
MLP,SOLO_R,A,none,grouped_scaling,SOLO_R_A_CT_grid_grouped_scaling,93,{},,neg_mean_absolute_error,GroupKFold(k=5) sobre 10 experimentos,"{""method"": ""none""}"
BNN,SOLO_R,A,none,grouped_scaling,SOLO_R_A_CT_grid_grouped_scaling,93,{},,neg_mean_absolute_error,GroupKFold(k=5) sobre 10 experimentos,"{""method"": ""none""}"
