model,experiment_id,feature,shap_value,feature_value
ElasticNet_SOLO_A_N_ST,66,A_p1_std,-2.9626650070863687,29.501608088871755
ElasticNet_SOLO_A_N_ST,66,A_p1_rms,-2.9627765907533714,29.501608088871755
ElasticNet_SOLO_A_N_ST,66,A_p1_max,-0.0,188.4181374228045
ElasticNet_SOLO_A_N_ST,66,A_p1_min,-0.0,-194.75685057719545
ElasticNet_SOLO_A_N_ST,66,A_p1_peak_to_peak,-0.0,383.174988
ElasticNet_SOLO_A_N_ST,66,A_p1_skewness,-4.170446864887927,-0.0449073725090268
ElasticNet_SOLO_A_N_ST,66,A_p1_kurtosis,0.015388473936708691,0.3852658511827473
ElasticNet_SOLO_A_N_ST,66,A_p1_crest_factor,-4.143487076907564,6.601567276960042
ElasticNet_SOLO_A_N_ST,66,A_p1_energy,-2.334581851605784,3015.8320430967933
ElasticNet_SOLO_A_N_ST,66,A_p1_absolute_mean,-3.2774877631116413,22.12122743731175
ElasticNet_SOLO_A_N_ST,66,A_p1_duration_s,-1.5707735342428053,3.465079999999997
ElasticNet_SOLO_A_N_ST,66,A_p1_n_samples,-1.5708767529864838,173255.0
ElasticNet_SOLO_A_N_ST,66,A_p1_dominant_freq_hz,-2.6908595147890924,1878.1564746317213
ElasticNet_SOLO_A_N_ST,66,A_p1_spectral_energy,-2.1466700962985503,13062699515668.39
ElasticNet_SOLO_A_N_ST,66,A_p1_spectral_centroid_hz,-0.30610669909435356,3764.345861010372
ElasticNet_SOLO_A_N_ST,66,A_p2_std,0.0,29.097757816604418
ElasticNet_SOLO_A_N_ST,66,A_p2_rms,0.0,29.097757816604418
ElasticNet_SOLO_A_N_ST,66,A_p2_max,-0.6553462255436536,225.6348624358021
ElasticNet_SOLO_A_N_ST,66,A_p2_min,-2.485000931501462,-265.4716585641979
ElasticNet_SOLO_A_N_ST,66,A_p2_peak_to_peak,-1.5577939963174021,491.106521
ElasticNet_SOLO_A_N_ST,66,A_p2_skewness,-0.0,-0.0201190705868289
ElasticNet_SOLO_A_N_ST,66,A_p2_kurtosis,-0.34668087889626226,0.614774917207614
ElasticNet_SOLO_A_N_ST,66,A_p2_crest_factor,-3.323427986625271,9.123440377688087
ElasticNet_SOLO_A_N_ST,66,A_p2_energy,0.014751286163372266,2786.2190641754464
ElasticNet_SOLO_A_N_ST,66,A_p2_absolute_mean,0.12794184614202211,21.578814341543424
ElasticNet_SOLO_A_N_ST,66,A_p2_duration_s,-0.42366003268763486,3.29074
ElasticNet_SOLO_A_N_ST,66,A_p2_n_samples,-0.42287857408570756,164538.0
ElasticNet_SOLO_A_N_ST,66,A_p2_dominant_freq_hz,-1.236497199043143,1882.2399689538256
ElasticNet_SOLO_A_N_ST,66,A_p2_spectral_energy,0.0,11460972809554.451
ElasticNet_SOLO_A_N_ST,66,A_p2_spectral_centroid_hz,-0.7906752020562267,3235.404784602993
ElasticNet_SOLO_A_N_ST,66,A_p3_std,0.0,31.59979706734486
ElasticNet_SOLO_A_N_ST,66,A_p3_rms,0.0,31.59979706734486
ElasticNet_SOLO_A_N_ST,66,A_p3_max,-0.6814221588257287,110.47706588829774
ElasticNet_SOLO_A_N_ST,66,A_p3_min,-1.9079969935145709,-110.76458811170224
ElasticNet_SOLO_A_N_ST,66,A_p3_peak_to_peak,-1.4177130483418388,221.241654
ElasticNet_SOLO_A_N_ST,66,A_p3_skewness,-2.0093919018685966,0.0856057175804861
ElasticNet_SOLO_A_N_ST,66,A_p3_kurtosis,-0.3199645133951258,-0.0300328211597538
ElasticNet_SOLO_A_N_ST,66,A_p3_crest_factor,-1.2946628618830627,3.5052309948587
ElasticNet_SOLO_A_N_ST,66,A_p3_energy,0.33993247035181356,2698.97315848954
ElasticNet_SOLO_A_N_ST,66,A_p3_absolute_mean,-0.0,24.30543147734069
ElasticNet_SOLO_A_N_ST,66,A_p3_duration_s,0.24510058951212907,2.7028800000000004
ElasticNet_SOLO_A_N_ST,66,A_p3_n_samples,0.24509250203303767,135145.0
ElasticNet_SOLO_A_N_ST,66,A_p3_dominant_freq_hz,-0.0,1908.6906656536712
ElasticNet_SOLO_A_N_ST,66,A_p3_spectral_energy,1.02801400093921,9118818187601.72
ElasticNet_SOLO_A_N_ST,66,A_p3_spectral_centroid_hz,-0.7563042036377371,3196.10555813906
ElasticNet_SOLO_A_N_ST,66,A_p4_std,0.14145066490923508,29.82078007578842
ElasticNet_SOLO_A_N_ST,66,A_p4_rms,0.14146875368337625,29.82078007578842
ElasticNet_SOLO_A_N_ST,66,A_p4_max,-0.9704697113009398,112.25373299368287
ElasticNet_SOLO_A_N_ST,66,A_p4_min,-1.8267725766321552,-115.4950310063171
ElasticNet_SOLO_A_N_ST,66,A_p4_peak_to_peak,-1.6196415912711741,227.748764
ElasticNet_SOLO_A_N_ST,66,A_p4_skewness,-0.5350516060484013,0.0352542517936029
ElasticNet_SOLO_A_N_ST,66,A_p4_kurtosis,-0.6238372388828193,0.114476574651082
ElasticNet_SOLO_A_N_ST,66,A_p4_crest_factor,-1.4141211535104459,3.872971488766917
ElasticNet_SOLO_A_N_ST,66,A_p4_energy,0.17944879984159015,2128.4891053803567
ElasticNet_SOLO_A_N_ST,66,A_p4_absolute_mean,0.04129881193396966,22.60326461665952
ElasticNet_SOLO_A_N_ST,66,A_p4_duration_s,-1.2511673533221548,2.3934799999999967
ElasticNet_SOLO_A_N_ST,66,A_p4_n_samples,-1.2511960877121826,119675.0
ElasticNet_SOLO_A_N_ST,66,A_p4_dominant_freq_hz,-1.4902856366832455,1792.354292944395
ElasticNet_SOLO_A_N_ST,66,A_p4_spectral_energy,-0.06970685152775775,6368173342159.861
ElasticNet_SOLO_A_N_ST,66,A_p4_spectral_centroid_hz,-2.0339507283086182,3254.951202527221
ElasticNet_SOLO_A_N_ST,66,A_p5_std,-0.0,24.64248146728395
ElasticNet_SOLO_A_N_ST,66,A_p5_rms,-0.0,24.64248146728395
ElasticNet_SOLO_A_N_ST,66,A_p5_max,-0.0,107.30704846145056
ElasticNet_SOLO_A_N_ST,66,A_p5_min,-0.36792098158840375,-101.49666253854944
ElasticNet_SOLO_A_N_ST,66,A_p5_peak_to_peak,-0.0,208.803711
ElasticNet_SOLO_A_N_ST,66,A_p5_skewness,1.547907990909389,0.0488689781542319
ElasticNet_SOLO_A_N_ST,66,A_p5_kurtosis,0.0,0.4525628241902928
ElasticNet_SOLO_A_N_ST,66,A_p5_crest_factor,-1.5885261542720857,4.354555307423662
ElasticNet_SOLO_A_N_ST,66,A_p5_energy,0.0,1307.1461345064176
ElasticNet_SOLO_A_N_ST,66,A_p5_absolute_mean,-0.6189692392744198,18.12846003472059
ElasticNet_SOLO_A_N_ST,66,A_p5_duration_s,-2.7915858450683584,2.152540000000002
ElasticNet_SOLO_A_N_ST,66,A_p5_n_samples,-2.7914553399383473,107628.0
ElasticNet_SOLO_A_N_ST,66,A_p5_dominant_freq_hz,-0.6021582305622305,2122.5889174624504
ElasticNet_SOLO_A_N_ST,66,A_p5_spectral_energy,0.03137485656983773,3517138104119.414
ElasticNet_SOLO_A_N_ST,66,A_p5_spectral_centroid_hz,-0.9010897894865743,3404.552110382977
ElasticNet_SOLO_A_N_ST,66,A_p6_std,-0.9445599138619252,22.969567647750083
ElasticNet_SOLO_A_N_ST,66,A_p6_rms,-0.9459670407250137,22.969567647750083
ElasticNet_SOLO_A_N_ST,66,A_p6_max,-0.0,117.99255123477025
ElasticNet_SOLO_A_N_ST,66,A_p6_min,-0.0,-145.29317776522976
ElasticNet_SOLO_A_N_ST,66,A_p6_peak_to_peak,-0.0,263.285729
ElasticNet_SOLO_A_N_ST,66,A_p6_skewness,-0.0,0.0428218442824316
ElasticNet_SOLO_A_N_ST,66,A_p6_kurtosis,-0.24597611095170704,1.3768218127992666
ElasticNet_SOLO_A_N_ST,66,A_p6_crest_factor,0.0,6.325464196513143
ElasticNet_SOLO_A_N_ST,66,A_p6_energy,0.16639819682354184,1098.349288730607
ElasticNet_SOLO_A_N_ST,66,A_p6_absolute_mean,-2.391536803383523,15.55883696785423
ElasticNet_SOLO_A_N_ST,66,A_p6_duration_s,-3.13798083873945,2.0817600000000027
ElasticNet_SOLO_A_N_ST,66,A_p6_n_samples,-3.137902371539242,104089.0
ElasticNet_SOLO_A_N_ST,66,A_p6_dominant_freq_hz,-0.6658247445275001,1575.094390437095
ElasticNet_SOLO_A_N_ST,66,A_p6_spectral_energy,1.0057089046304037,2858151977866.9995
ElasticNet_SOLO_A_N_ST,66,A_p6_spectral_centroid_hz,-0.6967430040489566,3455.3603706827407
ElasticNet_SOLO_A_N_ST,66,A_rms_mean_6_contacts,-0.0,27.93866536060725
ElasticNet_SOLO_A_N_ST,66,A_rms_std_6_contacts,-2.3399056091765003,3.062931243299781
ElasticNet_SOLO_A_N_ST,66,A_energy_total_6_contacts,-0.0,13035.008794379162
ElasticNet_SOLO_A_N_ST,66,A_to_R_rms_ratio,1.2852597090243123,1.2235991275431384
ElasticNet_SOLO_A_N_ST,66,A_to_R_energy_ratio,1.4479413690970022,1.5337506473860574
ElasticNet_SOLO_A_N_ST,67,A_p1_std,-1.3231844264994224,36.19086843396469
ElasticNet_SOLO_A_N_ST,67,A_p1_rms,-1.3232342619584012,36.19086843396469
ElasticNet_SOLO_A_N_ST,67,A_p1_max,0.0,218.84050515052635
ElasticNet_SOLO_A_N_ST,67,A_p1_min,-0.0,-206.52262384947363
ElasticNet_SOLO_A_N_ST,67,A_p1_peak_to_peak,0.0,425.363129
ElasticNet_SOLO_A_N_ST,67,A_p1_skewness,1.3937143446536748,0.07476088463034
ElasticNet_SOLO_A_N_ST,67,A_p1_kurtosis,-0.32065934884790787,0.8198567265132479
ElasticNet_SOLO_A_N_ST,67,A_p1_crest_factor,-2.4033404521965283,6.046843157406723
ElasticNet_SOLO_A_N_ST,67,A_p1_energy,-1.2171363861255549,4518.946969748946
ElasticNet_SOLO_A_N_ST,67,A_p1_absolute_mean,-1.604289611259811,26.96366281546038
ElasticNet_SOLO_A_N_ST,67,A_p1_duration_s,-1.418698177492365,3.450139999999997
ElasticNet_SOLO_A_N_ST,67,A_p1_n_samples,-1.4187914030531137,172508.0
ElasticNet_SOLO_A_N_ST,67,A_p1_dominant_freq_hz,-2.525650045437576,1996.1393095568687
ElasticNet_SOLO_A_N_ST,67,A_p1_spectral_energy,-1.0402908971604896,19488862596478.586
ElasticNet_SOLO_A_N_ST,67,A_p1_spectral_centroid_hz,0.12752819944436095,6213.066407392224
ElasticNet_SOLO_A_N_ST,67,A_p2_std,0.0,29.52623158917432
ElasticNet_SOLO_A_N_ST,67,A_p2_rms,0.0,29.52623158917432
ElasticNet_SOLO_A_N_ST,67,A_p2_max,-0.2989582962300081,208.3479921146956
ElasticNet_SOLO_A_N_ST,67,A_p2_min,-0.3367656101915847,-207.9147948853044
ElasticNet_SOLO_A_N_ST,67,A_p2_peak_to_peak,-0.37253668311387805,416.262787
ElasticNet_SOLO_A_N_ST,67,A_p2_skewness,0.0,0.1590497561488215
ElasticNet_SOLO_A_N_ST,67,A_p2_kurtosis,0.35044726089200434,0.8949371054152806
ElasticNet_SOLO_A_N_ST,67,A_p2_crest_factor,-1.0160009185613839,7.056369231727005
ElasticNet_SOLO_A_N_ST,67,A_p2_energy,0.0177865551973147,2658.0608669125763
ElasticNet_SOLO_A_N_ST,67,A_p2_absolute_mean,0.10222861103356586,22.29125997165228
ElasticNet_SOLO_A_N_ST,67,A_p2_duration_s,-0.010494026991104645,3.0489200000000025
ElasticNet_SOLO_A_N_ST,67,A_p2_n_samples,-0.010474670320591116,152447.0
ElasticNet_SOLO_A_N_ST,67,A_p2_dominant_freq_hz,-0.9957235776317122,2207.652495705006
ElasticNet_SOLO_A_N_ST,67,A_p2_spectral_energy,0.0,10130335124455.527
ElasticNet_SOLO_A_N_ST,67,A_p2_spectral_centroid_hz,0.22159085046826935,6191.393099269449
ElasticNet_SOLO_A_N_ST,67,A_p3_std,0.0,18.964459752547192
ElasticNet_SOLO_A_N_ST,67,A_p3_rms,0.0,18.964459752547192
ElasticNet_SOLO_A_N_ST,67,A_p3_max,-0.2735056329283316,149.61551145842137
ElasticNet_SOLO_A_N_ST,67,A_p3_min,-1.2043309344457396,-135.97686554157863
ElasticNet_SOLO_A_N_ST,67,A_p3_peak_to_peak,-0.7355818767455515,285.592377
ElasticNet_SOLO_A_N_ST,67,A_p3_skewness,-3.0539123239198265,0.1212272876840083
ElasticNet_SOLO_A_N_ST,67,A_p3_kurtosis,0.7988043652026534,4.599586669317163
ElasticNet_SOLO_A_N_ST,67,A_p3_crest_factor,0.8985371397629519,7.889257770094185
ElasticNet_SOLO_A_N_ST,67,A_p3_energy,1.4663622795444236,2239.9766996676
ElasticNet_SOLO_A_N_ST,67,A_p3_absolute_mean,0.0,11.438348015317793
ElasticNet_SOLO_A_N_ST,67,A_p3_duration_s,-2.9188628667850347,6.228180000000002
ElasticNet_SOLO_A_N_ST,67,A_p3_n_samples,-2.918766554318183,311410.0
ElasticNet_SOLO_A_N_ST,67,A_p3_dominant_freq_hz,0.0,5531.45371075178
ElasticNet_SOLO_A_N_ST,67,A_p3_spectral_energy,-6.405190604871807,17438778601095.809
ElasticNet_SOLO_A_N_ST,67,A_p3_spectral_centroid_hz,0.18046605511357416,6232.580177517068
ElasticNet_SOLO_A_N_ST,67,A_p4_std,0.45134982504837257,28.513059857203075
ElasticNet_SOLO_A_N_ST,67,A_p4_rms,0.4514075438653834,28.513059857203075
ElasticNet_SOLO_A_N_ST,67,A_p4_max,0.17553644709740743,203.7373003007648
ElasticNet_SOLO_A_N_ST,67,A_p4_min,-0.7999070491471383,-165.77515069923518
ElasticNet_SOLO_A_N_ST,67,A_p4_peak_to_peak,-0.2440786672745367,369.512451
ElasticNet_SOLO_A_N_ST,67,A_p4_skewness,-0.5508957037040075,0.0392187541249889
ElasticNet_SOLO_A_N_ST,67,A_p4_kurtosis,-0.6043718303394189,0.5922114692550609
ElasticNet_SOLO_A_N_ST,67,A_p4_crest_factor,-0.3460609330915829,7.1454028898023
ElasticNet_SOLO_A_N_ST,67,A_p4_energy,0.8986418470637239,1796.4741287744628
ElasticNet_SOLO_A_N_ST,67,A_p4_absolute_mean,0.2562499096881577,21.77574120012597
ElasticNet_SOLO_A_N_ST,67,A_p4_duration_s,-0.2963474288035737,2.209680000000006
ElasticNet_SOLO_A_N_ST,67,A_p4_n_samples,-0.2963542347376712,110485.0
ElasticNet_SOLO_A_N_ST,67,A_p4_dominant_freq_hz,-1.1802246924685853,2074.489749818319
ElasticNet_SOLO_A_N_ST,67,A_p4_spectral_energy,1.0417718905468554,4962086102941.15
ElasticNet_SOLO_A_N_ST,67,A_p4_spectral_centroid_hz,0.09867791182511376,6025.819251031662
ElasticNet_SOLO_A_N_ST,67,A_p5_std,-0.0,27.48780760288125
ElasticNet_SOLO_A_N_ST,67,A_p5_rms,-0.0,27.48780760288125
ElasticNet_SOLO_A_N_ST,67,A_p5_max,-0.0,137.00947439044947
ElasticNet_SOLO_A_N_ST,67,A_p5_min,-0.03717034540659407,-164.52652160955054
ElasticNet_SOLO_A_N_ST,67,A_p5_peak_to_peak,-0.0,301.535996
ElasticNet_SOLO_A_N_ST,67,A_p5_skewness,-0.8179120929215709,6.171909846714633e-05
ElasticNet_SOLO_A_N_ST,67,A_p5_kurtosis,-0.0,1.1121135411079264
ElasticNet_SOLO_A_N_ST,67,A_p5_crest_factor,0.6212127353374092,5.98543630639735
ElasticNet_SOLO_A_N_ST,67,A_p5_energy,0.0,1798.4153733370076
ElasticNet_SOLO_A_N_ST,67,A_p5_absolute_mean,-0.3957843862084057,20.228915106631558
ElasticNet_SOLO_A_N_ST,67,A_p5_duration_s,-6.872539257019624,2.380160000000004
ElasticNet_SOLO_A_N_ST,67,A_p5_n_samples,-6.872217969522474,119009.0
ElasticNet_SOLO_A_N_ST,67,A_p5_dominant_freq_hz,-0.8728666763453992,1998.5883414237849
ElasticNet_SOLO_A_N_ST,67,A_p5_spectral_energy,-0.004843086775520277,5350690379136.592
ElasticNet_SOLO_A_N_ST,67,A_p5_spectral_centroid_hz,0.27849162712842923,6275.018278843798
ElasticNet_SOLO_A_N_ST,67,A_p6_std,-0.730314877029091,25.02055786546273
ElasticNet_SOLO_A_N_ST,67,A_p6_rms,-0.7314028394408973,25.02055786546273
ElasticNet_SOLO_A_N_ST,67,A_p6_max,-0.0,159.94040946014073
ElasticNet_SOLO_A_N_ST,67,A_p6_min,-0.0,-181.5506795398593
ElasticNet_SOLO_A_N_ST,67,A_p6_peak_to_peak,-0.0,341.491089
ElasticNet_SOLO_A_N_ST,67,A_p6_skewness,0.0,-0.0833759157490884
ElasticNet_SOLO_A_N_ST,67,A_p6_kurtosis,-0.4647951049216247,1.5884987336186924
ElasticNet_SOLO_A_N_ST,67,A_p6_crest_factor,-0.0,7.256060417040651
ElasticNet_SOLO_A_N_ST,67,A_p6_energy,0.07932926135303313,1464.2677103213712
ElasticNet_SOLO_A_N_ST,67,A_p6_absolute_mean,-1.6199961838699168,18.21431949733162
ElasticNet_SOLO_A_N_ST,67,A_p6_duration_s,-5.70518741325905,2.33896
ElasticNet_SOLO_A_N_ST,67,A_p6_n_samples,-5.705044751431009,116949.0
ElasticNet_SOLO_A_N_ST,67,A_p6_dominant_freq_hz,1.5258579827191685,4825.607742014618
ElasticNet_SOLO_A_N_ST,67,A_p6_spectral_energy,-0.21725066791819783,4281116111359.3486
ElasticNet_SOLO_A_N_ST,67,A_p6_spectral_centroid_hz,0.307659486648108,6633.4039149487735
ElasticNet_SOLO_A_N_ST,67,A_rms_mean_6_contacts,-0.0,27.617164183538875
ElasticNet_SOLO_A_N_ST,67,A_rms_std_6_contacts,0.06668475834374862,5.157259664092534
ElasticNet_SOLO_A_N_ST,67,A_energy_total_6_contacts,-0.0,14476.141748761962
ElasticNet_SOLO_A_N_ST,67,A_to_R_rms_ratio,-2.05132247177042,1.4436752955432384
ElasticNet_SOLO_A_N_ST,67,A_to_R_energy_ratio,-2.529639073621111,2.1415879464423373
ElasticNet_SOLO_A_N_ST,68,A_p1_std,-1.007584271456074,37.478551634994645
ElasticNet_SOLO_A_N_ST,68,A_p1_rms,-1.0076222203796121,37.478551634994645
ElasticNet_SOLO_A_N_ST,68,A_p1_max,0.0,204.74648560106303
ElasticNet_SOLO_A_N_ST,68,A_p1_min,0.0,-268.303425398937
ElasticNet_SOLO_A_N_ST,68,A_p1_peak_to_peak,0.0,473.04991100000007
ElasticNet_SOLO_A_N_ST,68,A_p1_skewness,-3.632487062095605,-0.03333748630573
ElasticNet_SOLO_A_N_ST,68,A_p1_kurtosis,-0.1680209311176354,0.6224584424809838
ElasticNet_SOLO_A_N_ST,68,A_p1_crest_factor,-5.891667972405076,7.158852562178938
ElasticNet_SOLO_A_N_ST,68,A_p1_energy,-0.9812976956747719,4836.18182983791
ElasticNet_SOLO_A_N_ST,68,A_p1_absolute_mean,-1.1534781865780264,28.268364944934152
ElasticNet_SOLO_A_N_ST,68,A_p1_duration_s,-1.3458160118743634,3.4429799999999986
ElasticNet_SOLO_A_N_ST,68,A_p1_n_samples,-1.3459044481988347,172150.0
ElasticNet_SOLO_A_N_ST,68,A_p1_dominant_freq_hz,1.6793877342900825,4999.128667049552
ElasticNet_SOLO_A_N_ST,68,A_p1_spectral_energy,-0.8121933614769109,20813717550164.938
ElasticNet_SOLO_A_N_ST,68,A_p1_spectral_centroid_hz,0.22581126639182683,6768.06732223256
ElasticNet_SOLO_A_N_ST,68,A_p2_std,-0.0,33.883532223544655
ElasticNet_SOLO_A_N_ST,68,A_p2_rms,-0.0,33.883532223544655
ElasticNet_SOLO_A_N_ST,68,A_p2_max,-0.1628260789843464,201.7447943279956
ElasticNet_SOLO_A_N_ST,68,A_p2_min,-0.3331823027405934,-207.8187886720044
ElasticNet_SOLO_A_N_ST,68,A_p2_peak_to_peak,-0.26644522950411675,409.563583
ElasticNet_SOLO_A_N_ST,68,A_p2_skewness,-0.0,-0.0411728537658647
ElasticNet_SOLO_A_N_ST,68,A_p2_kurtosis,-0.4241300231820341,0.58364961828552
ElasticNet_SOLO_A_N_ST,68,A_p2_crest_factor,0.014371089301361262,6.133327166156464
ElasticNet_SOLO_A_N_ST,68,A_p2_energy,-0.0005632822978479156,3432.846254022766
ElasticNet_SOLO_A_N_ST,68,A_p2_absolute_mean,-0.03141687950125366,25.994222485458
ElasticNet_SOLO_A_N_ST,68,A_p2_duration_s,0.090140650601843,2.990020000000001
ElasticNet_SOLO_A_N_ST,68,A_p2_n_samples,0.08997438241187665,149502.0
ElasticNet_SOLO_A_N_ST,68,A_p2_dominant_freq_hz,-0.9388011385450545,2284.584821694227
ElasticNet_SOLO_A_N_ST,68,A_p2_spectral_energy,0.0,12830434516776.316
ElasticNet_SOLO_A_N_ST,68,A_p2_spectral_centroid_hz,0.3775208784015515,6646.735189747428
ElasticNet_SOLO_A_N_ST,68,A_p3_std,-0.0,32.94183744198219
ElasticNet_SOLO_A_N_ST,68,A_p3_rms,-0.0,32.94183744198219
ElasticNet_SOLO_A_N_ST,68,A_p3_max,0.6071522888567418,234.1121669000126
ElasticNet_SOLO_A_N_ST,68,A_p3_min,0.4495953462985245,-195.2368620999874
ElasticNet_SOLO_A_N_ST,68,A_p3_peak_to_peak,0.7882688102703468,429.349029
ElasticNet_SOLO_A_N_ST,68,A_p3_skewness,-1.740115122696539,0.0764224967797944
ElasticNet_SOLO_A_N_ST,68,A_p3_kurtosis,-0.15093687068296296,0.6694268117452968
ElasticNet_SOLO_A_N_ST,68,A_p3_crest_factor,0.5071134254763592,7.106833895113943
ElasticNet_SOLO_A_N_ST,68,A_p3_energy,-0.22620537094024995,2929.6624231356973
ElasticNet_SOLO_A_N_ST,68,A_p3_absolute_mean,-0.0,25.019808630228727
ElasticNet_SOLO_A_N_ST,68,A_p3_duration_s,0.2479366955234984,2.6997200000000063
ElasticNet_SOLO_A_N_ST,68,A_p3_n_samples,0.24792851446263792,134987.0
ElasticNet_SOLO_A_N_ST,68,A_p3_dominant_freq_hz,-0.0,2282.812419060101
ElasticNet_SOLO_A_N_ST,68,A_p3_spectral_energy,0.34201140670444824,9886658537795.436
ElasticNet_SOLO_A_N_ST,68,A_p3_spectral_centroid_hz,0.43283575419711195,7050.618729454768
ElasticNet_SOLO_A_N_ST,68,A_p4_std,-0.2664423992758545,31.542017418981228
ElasticNet_SOLO_A_N_ST,68,A_p4_rms,-0.2664764720487554,31.542017418981228
ElasticNet_SOLO_A_N_ST,68,A_p4_max,0.7040115384601046,245.92449644844064
ElasticNet_SOLO_A_N_ST,68,A_p4_min,2.671048078220548,-335.7292825515594
ElasticNet_SOLO_A_N_ST,68,A_p4_peak_to_peak,1.8143733356294913,581.653779
ElasticNet_SOLO_A_N_ST,68,A_p4_skewness,-0.3436296268469491,-0.0126432617990474
ElasticNet_SOLO_A_N_ST,68,A_p4_kurtosis,-0.5376221314510554,2.23043346147166
ElasticNet_SOLO_A_N_ST,68,A_p4_crest_factor,0.7957746505525907,10.643874743076058
ElasticNet_SOLO_A_N_ST,68,A_p4_energy,-0.9287827039653564,2640.10341843799
ElasticNet_SOLO_A_N_ST,68,A_p4_absolute_mean,0.055659451596080704,22.54797871339613
ElasticNet_SOLO_A_N_ST,68,A_p4_duration_s,-2.6025648242920996,2.6536199999999965
ElasticNet_SOLO_A_N_ST,68,A_p4_n_samples,-2.6026245949634847,132682.0
ElasticNet_SOLO_A_N_ST,68,A_p4_dominant_freq_hz,-0.9553254328690034,2279.1335675634086
ElasticNet_SOLO_A_N_ST,68,A_p4_spectral_energy,-1.9582985396109198,8757355044143.32
ElasticNet_SOLO_A_N_ST,68,A_p4_spectral_centroid_hz,0.885824114367676,7048.537515750278
ElasticNet_SOLO_A_N_ST,68,A_p5_std,0.0,34.81794119425339
ElasticNet_SOLO_A_N_ST,68,A_p5_rms,0.0,34.81794119425339
ElasticNet_SOLO_A_N_ST,68,A_p5_max,0.0,219.9935824958852
ElasticNet_SOLO_A_N_ST,68,A_p5_min,0.06929773475271793,-184.8157285041148
ElasticNet_SOLO_A_N_ST,68,A_p5_peak_to_peak,0.0,404.809311
ElasticNet_SOLO_A_N_ST,68,A_p5_skewness,0.4807723712559902,0.0268537940783075
ElasticNet_SOLO_A_N_ST,68,A_p5_kurtosis,-0.0,1.0728892853537264
ElasticNet_SOLO_A_N_ST,68,A_p5_crest_factor,1.0723533505204064,6.318397209890013
ElasticNet_SOLO_A_N_ST,68,A_p5_energy,-0.0,2542.533780535312
ElasticNet_SOLO_A_N_ST,68,A_p5_absolute_mean,0.1855873309932574,25.70036693360939
ElasticNet_SOLO_A_N_ST,68,A_p5_duration_s,-1.800840367762267,2.097280000000005
ElasticNet_SOLO_A_N_ST,68,A_p5_n_samples,-1.800756179447974,104865.0
ElasticNet_SOLO_A_N_ST,68,A_p5_dominant_freq_hz,-0.2697982980900065,2274.829542831554
ElasticNet_SOLO_A_N_ST,68,A_p5_spectral_energy,-0.030815752347259872,6665570122395.871
ElasticNet_SOLO_A_N_ST,68,A_p5_spectral_centroid_hz,0.4020311881013888,6575.64706566973
ElasticNet_SOLO_A_N_ST,68,A_p6_std,0.04404740339429655,32.43360922754976
ElasticNet_SOLO_A_N_ST,68,A_p6_rms,0.04411302155536375,32.43360922754976
ElasticNet_SOLO_A_N_ST,68,A_p6_max,0.0,297.7657982924486
ElasticNet_SOLO_A_N_ST,68,A_p6_min,0.0,-323.36283370755143
ElasticNet_SOLO_A_N_ST,68,A_p6_peak_to_peak,0.0,621.128632
ElasticNet_SOLO_A_N_ST,68,A_p6_skewness,0.0,-0.0393034592328808
ElasticNet_SOLO_A_N_ST,68,A_p6_kurtosis,-2.821654476472151,3.868432141240557
ElasticNet_SOLO_A_N_ST,68,A_p6_crest_factor,-0.0,9.969992282970486
ElasticNet_SOLO_A_N_ST,68,A_p6_energy,-0.16631251349134285,2496.608924120327
ElasticNet_SOLO_A_N_ST,68,A_p6_absolute_mean,-0.4144367866533041,22.36360449489169
ElasticNet_SOLO_A_N_ST,68,A_p6_duration_s,-6.048147047397755,2.3733199999999925
ElasticNet_SOLO_A_N_ST,68,A_p6_n_samples,-6.047995809646721,118667.0
ElasticNet_SOLO_A_N_ST,68,A_p6_dominant_freq_hz,-0.8764068237131707,1262.777351348189
ElasticNet_SOLO_A_N_ST,68,A_p6_spectral_energy,-2.903455971893289,7406627279964.689
ElasticNet_SOLO_A_N_ST,68,A_p6_spectral_centroid_hz,0.28484229268490224,6561.207722043371
ElasticNet_SOLO_A_N_ST,68,A_rms_mean_6_contacts,0.0,33.84958152355098
ElasticNet_SOLO_A_N_ST,68,A_rms_std_6_contacts,-3.6460899781751324,1.926228012160439
ElasticNet_SOLO_A_N_ST,68,A_energy_total_6_contacts,0.0,18877.93663009
ElasticNet_SOLO_A_N_ST,68,A_to_R_rms_ratio,-3.074409744930602,1.5111566625249246
ElasticNet_SOLO_A_N_ST,68,A_to_R_energy_ratio,-2.8596432366337967,2.192017810026915
ElasticNet_SOLO_A_N_ST,69,A_p1_std,0.9482725721448806,45.45866178664682
ElasticNet_SOLO_A_N_ST,69,A_p1_rms,0.9483082871955747,45.45866178664682
ElasticNet_SOLO_A_N_ST,69,A_p1_max,0.0,206.5705021400005
ElasticNet_SOLO_A_N_ST,69,A_p1_min,0.0,-246.6459278599995
ElasticNet_SOLO_A_N_ST,69,A_p1_peak_to_peak,0.0,453.21643
ElasticNet_SOLO_A_N_ST,69,A_p1_skewness,-9.030235300268082,-0.149426704395154
ElasticNet_SOLO_A_N_ST,69,A_p1_kurtosis,-0.0799461914878294,0.5085565642511227
ElasticNet_SOLO_A_N_ST,69,A_p1_crest_factor,-0.454899853842289,5.425719063565793
ElasticNet_SOLO_A_N_ST,69,A_p1_energy,0.329557979714604,6599.459585426352
ElasticNet_SOLO_A_N_ST,69,A_p1_absolute_mean,1.0778386377304037,34.72606244951891
ElasticNet_SOLO_A_N_ST,69,A_p1_duration_s,1.1932520596002352,3.1935399999999987
ElasticNet_SOLO_A_N_ST,69,A_p1_n_samples,1.1933304706351564,159678.0
ElasticNet_SOLO_A_N_ST,69,A_p1_dominant_freq_hz,2.0371725917911876,5254.637458082921
ElasticNet_SOLO_A_N_ST,69,A_p1_spectral_energy,0.14006662635966718,26344712693543.957
ElasticNet_SOLO_A_N_ST,69,A_p1_spectral_centroid_hz,0.18698964501866472,6548.8430341951625
ElasticNet_SOLO_A_N_ST,69,A_p2_std,-0.0,42.01195842339696
ElasticNet_SOLO_A_N_ST,69,A_p2_rms,-0.0,42.01195842339696
ElasticNet_SOLO_A_N_ST,69,A_p2_max,-0.675148558121622,226.59538979145643
ElasticNet_SOLO_A_N_ST,69,A_p2_min,-0.7042554426121759,-217.7608122085436
ElasticNet_SOLO_A_N_ST,69,A_p2_peak_to_peak,-0.8174359926754717,444.356202
ElasticNet_SOLO_A_N_ST,69,A_p2_skewness,0.0,0.0438884383697145
ElasticNet_SOLO_A_N_ST,69,A_p2_kurtosis,-0.12288823530596141,0.7047128111966301
ElasticNet_SOLO_A_N_ST,69,A_p2_crest_factor,0.8401208316779496,5.3935926411196
ElasticNet_SOLO_A_N_ST,69,A_p2_energy,-0.043361373134671664,5239.910506516938
ElasticNet_SOLO_A_N_ST,69,A_p2_absolute_mean,-0.24204363941016166,31.830132049079527
ElasticNet_SOLO_A_N_ST,69,A_p2_duration_s,0.12646481436458942,2.968760000000003
ElasticNet_SOLO_A_N_ST,69,A_p2_n_samples,0.12623154473941936,148439.0
ElasticNet_SOLO_A_N_ST,69,A_p2_dominant_freq_hz,1.8464625418586664,6048.949400319272
ElasticNet_SOLO_A_N_ST,69,A_p2_spectral_energy,-0.0,19445176891921.664
ElasticNet_SOLO_A_N_ST,69,A_p2_spectral_centroid_hz,0.6206143869313993,7356.609405911672
ElasticNet_SOLO_A_N_ST,69,A_p3_std,-0.0,40.46852914694093
ElasticNet_SOLO_A_N_ST,69,A_p3_rms,-0.0,40.46852914694093
ElasticNet_SOLO_A_N_ST,69,A_p3_max,0.6179087182445149,235.1442161046779
ElasticNet_SOLO_A_N_ST,69,A_p3_min,1.0741892217336888,-217.61599189532208
ElasticNet_SOLO_A_N_ST,69,A_p3_peak_to_peak,1.0364322218876552,452.760208
ElasticNet_SOLO_A_N_ST,69,A_p3_skewness,-0.8949496998766951,0.0475995855925458
ElasticNet_SOLO_A_N_ST,69,A_p3_kurtosis,-0.13411665330636163,0.7390311846327271
ElasticNet_SOLO_A_N_ST,69,A_p3_crest_factor,-0.14138180621952967,5.810545158458095
ElasticNet_SOLO_A_N_ST,69,A_p3_energy,-3.3808579918539703,4215.117024919196
ElasticNet_SOLO_A_N_ST,69,A_p3_absolute_mean,-0.0,30.705272865029027
ElasticNet_SOLO_A_N_ST,69,A_p3_duration_s,0.36096808510341655,2.5737799999999997
ElasticNet_SOLO_A_N_ST,69,A_p3_n_samples,0.3609561743942388,128690.0
ElasticNet_SOLO_A_N_ST,69,A_p3_dominant_freq_hz,-0.0,2085.243608750945
ElasticNet_SOLO_A_N_ST,69,A_p3_spectral_energy,-2.940788533674704,13561085248453.062
ElasticNet_SOLO_A_N_ST,69,A_p3_spectral_centroid_hz,0.534411809687339,7379.870337894749
ElasticNet_SOLO_A_N_ST,69,A_p4_std,-2.7911753964463224,42.19594879926324
ElasticNet_SOLO_A_N_ST,69,A_p4_rms,-2.7915323332013893,42.19594879926324
ElasticNet_SOLO_A_N_ST,69,A_p4_max,0.5515328716816866,233.75240446368815
ElasticNet_SOLO_A_N_ST,69,A_p4_min,0.42505589139353483,-225.7550425363118
ElasticNet_SOLO_A_N_ST,69,A_p4_peak_to_peak,0.6291617404952309,459.507447
ElasticNet_SOLO_A_N_ST,69,A_p4_skewness,-0.46005218526263264,0.0164879335708311
ElasticNet_SOLO_A_N_ST,69,A_p4_kurtosis,-0.6050050837906652,0.5766696803368223
ElasticNet_SOLO_A_N_ST,69,A_p4_crest_factor,-0.8701360483594466,5.539688314053733
ElasticNet_SOLO_A_N_ST,69,A_p4_energy,-3.6008287805429045,3873.651655634383
ElasticNet_SOLO_A_N_ST,69,A_p4_absolute_mean,-2.5048233566526865,32.405381181191395
ElasticNet_SOLO_A_N_ST,69,A_p4_duration_s,-0.11920183889011259,2.1755799999999965
ElasticNet_SOLO_A_N_ST,69,A_p4_n_samples,-0.11920457648723137,108780.0
ElasticNet_SOLO_A_N_ST,69,A_p4_dominant_freq_hz,-0.9262713847031969,2305.570877086732
ElasticNet_SOLO_A_N_ST,69,A_p4_spectral_energy,-3.3630071758483617,10534395677909.39
ElasticNet_SOLO_A_N_ST,69,A_p4_spectral_centroid_hz,1.1011655242316567,7328.324920309651
ElasticNet_SOLO_A_N_ST,69,A_p5_std,0.0,40.768994697551
ElasticNet_SOLO_A_N_ST,69,A_p5_rms,0.0,40.768994697551
ElasticNet_SOLO_A_N_ST,69,A_p5_max,0.0,214.6632734736672
ElasticNet_SOLO_A_N_ST,69,A_p5_min,0.36955621086674934,-242.03481552633284
ElasticNet_SOLO_A_N_ST,69,A_p5_peak_to_peak,0.0,456.698089
ElasticNet_SOLO_A_N_ST,69,A_p5_skewness,-4.692211279002857,-0.0798657129691519
ElasticNet_SOLO_A_N_ST,69,A_p5_kurtosis,-0.0,0.7694231270987575
ElasticNet_SOLO_A_N_ST,69,A_p5_crest_factor,0.5552288466309029,5.936737398650448
ElasticNet_SOLO_A_N_ST,69,A_p5_energy,-0.0,3182.4770373027072
ElasticNet_SOLO_A_N_ST,69,A_p5_absolute_mean,0.7181167059134504,30.712149817288548
ElasticNet_SOLO_A_N_ST,69,A_p5_duration_s,1.4725999009050752,1.9147000000000036
ElasticNet_SOLO_A_N_ST,69,A_p5_n_samples,1.472531057655398,95736.0
ElasticNet_SOLO_A_N_ST,69,A_p5_dominant_freq_hz,-0.40167318732231205,2214.422996657745
ElasticNet_SOLO_A_N_ST,69,A_p5_spectral_energy,-0.049608060804479936,7616940541085.773
ElasticNet_SOLO_A_N_ST,69,A_p5_spectral_centroid_hz,0.6028063376898878,7064.22569724506
ElasticNet_SOLO_A_N_ST,69,A_p6_std,1.241003810587294,43.89219850678147
ElasticNet_SOLO_A_N_ST,69,A_p6_rms,1.2428525549320895,43.89219850678147
ElasticNet_SOLO_A_N_ST,69,A_p6_max,0.0,231.447324763888
ElasticNet_SOLO_A_N_ST,69,A_p6_min,0.0,-237.112443236112
ElasticNet_SOLO_A_N_ST,69,A_p6_peak_to_peak,0.0,468.559768
ElasticNet_SOLO_A_N_ST,69,A_p6_skewness,0.0,-0.0939829260923239
ElasticNet_SOLO_A_N_ST,69,A_p6_kurtosis,0.3081291657013075,0.8408020795770632
ElasticNet_SOLO_A_N_ST,69,A_p6_crest_factor,0.0,5.402154626624078
ElasticNet_SOLO_A_N_ST,69,A_p6_energy,-0.31739832892742054,3131.566533402788
ElasticNet_SOLO_A_N_ST,69,A_p6_absolute_mean,2.6217674499855512,32.81358872437078
ElasticNet_SOLO_A_N_ST,69,A_p6_duration_s,1.4163154902722679,1.6254800000000031
ElasticNet_SOLO_A_N_ST,69,A_p6_n_samples,1.416280074405607,81275.0
ElasticNet_SOLO_A_N_ST,69,A_p6_dominant_freq_hz,-0.22377898361381676,2230.6982467777743
ElasticNet_SOLO_A_N_ST,69,A_p6_spectral_energy,-2.0064741366576953,6362951750057.776
ElasticNet_SOLO_A_N_ST,69,A_p6_spectral_centroid_hz,0.44427209912442023,7065.66173506265
ElasticNet_SOLO_A_N_ST,69,A_rms_mean_6_contacts,0.0,42.46604856009673
ElasticNet_SOLO_A_N_ST,69,A_rms_std_6_contacts,-3.861556236246488,1.7387191140567366
ElasticNet_SOLO_A_N_ST,69,A_energy_total_6_contacts,0.0,26242.18234320236
ElasticNet_SOLO_A_N_ST,69,A_to_R_rms_ratio,-4.452234432901067,1.602035999844963
ElasticNet_SOLO_A_N_ST,69,A_to_R_energy_ratio,-5.3235914445582075,2.568548126707546
ElasticNet_SOLO_A_N_ST,70,A_p1_std,-3.464639074414112,27.453498911733256
ElasticNet_SOLO_A_N_ST,70,A_p1_rms,-3.464769564068473,27.453498911733256
ElasticNet_SOLO_A_N_ST,70,A_p1_max,-0.0,110.93266358280889
ElasticNet_SOLO_A_N_ST,70,A_p1_min,-0.0,-113.21437841719111
ElasticNet_SOLO_A_N_ST,70,A_p1_peak_to_peak,-0.0,224.147042
ElasticNet_SOLO_A_N_ST,70,A_p1_skewness,-4.943373317288996,-0.0615306797735857
ElasticNet_SOLO_A_N_ST,70,A_p1_kurtosis,0.29913853873543855,0.0183085889272414
ElasticNet_SOLO_A_N_ST,70,A_p1_crest_factor,3.6289790645274573,4.12385972298798
ElasticNet_SOLO_A_N_ST,70,A_p1_energy,-2.8066767852425194,2380.800658150169
ElasticNet_SOLO_A_N_ST,70,A_p1_absolute_mean,-3.4780505338193533,21.54077481408859
ElasticNet_SOLO_A_N_ST,70,A_p1_duration_s,1.54666948840712,3.158820000000002
ElasticNet_SOLO_A_N_ST,70,A_p1_n_samples,1.5467711232246215,157942.0
ElasticNet_SOLO_A_N_ST,70,A_p1_dominant_freq_hz,-2.3095391148715114,2150.472958509189
ElasticNet_SOLO_A_N_ST,70,A_p1_spectral_energy,-2.7771471774178926,9400710438919.207
ElasticNet_SOLO_A_N_ST,70,A_p1_spectral_centroid_hz,-0.28422858649022104,3887.890769481368
ElasticNet_SOLO_A_N_ST,70,A_p2_std,0.0,30.51601710535648
ElasticNet_SOLO_A_N_ST,70,A_p2_rms,0.0,30.51601710535648
ElasticNet_SOLO_A_N_ST,70,A_p2_max,1.369778753287665,127.40461945167148
ElasticNet_SOLO_A_N_ST,70,A_p2_min,2.75329439328801,-125.12397554832852
ElasticNet_SOLO_A_N_ST,70,A_p2_peak_to_peak,2.2204278593750097,252.528595
ElasticNet_SOLO_A_N_ST,70,A_p2_skewness,-0.0,0.026247713949951
ElasticNet_SOLO_A_N_ST,70,A_p2_kurtosis,-2.3573552956168715,-0.1932758731861161
ElasticNet_SOLO_A_N_ST,70,A_p2_crest_factor,2.20040051803102,4.175008128085894
ElasticNet_SOLO_A_N_ST,70,A_p2_energy,0.01831462015729282,2635.7643743935646
ElasticNet_SOLO_A_N_ST,70,A_p2_absolute_mean,0.0308345020049211,24.269401608767616
ElasticNet_SOLO_A_N_ST,70,A_p2_duration_s,0.36286233544710916,2.8303999999999974
ElasticNet_SOLO_A_N_ST,70,A_p2_n_samples,0.36219302073371884,141521.0
ElasticNet_SOLO_A_N_ST,70,A_p2_dominant_freq_hz,-1.2230422873427376,1900.4246720287576
ElasticNet_SOLO_A_N_ST,70,A_p2_spectral_energy,0.0,9325400250713.797
ElasticNet_SOLO_A_N_ST,70,A_p2_spectral_centroid_hz,-0.7838796404659051,3255.248975369334
ElasticNet_SOLO_A_N_ST,70,A_p3_std,-0.0,32.707445934364024
ElasticNet_SOLO_A_N_ST,70,A_p3_rms,-0.0,32.707445934364024
ElasticNet_SOLO_A_N_ST,70,A_p3_max,-0.7252267129583394,106.27414188596411
ElasticNet_SOLO_A_N_ST,70,A_p3_min,-1.3316406593428585,-131.41537211403585
ElasticNet_SOLO_A_N_ST,70,A_p3_peak_to_peak,-1.243362279787899,237.689514
ElasticNet_SOLO_A_N_ST,70,A_p3_skewness,1.7502742073472237,-0.0426112201144854
ElasticNet_SOLO_A_N_ST,70,A_p3_kurtosis,-0.3843515545253634,-0.2964752528837198
ElasticNet_SOLO_A_N_ST,70,A_p3_crest_factor,-1.0381876830630645,4.017903824644544
ElasticNet_SOLO_A_N_ST,70,A_p3_energy,0.4846173213382447,2640.01712438427
ElasticNet_SOLO_A_N_ST,70,A_p3_absolute_mean,-0.0,26.275086979278896
ElasticNet_SOLO_A_N_ST,70,A_p3_duration_s,0.45608533671274337,2.467800000000004
ElasticNet_SOLO_A_N_ST,70,A_p3_n_samples,0.4560702874603899,123391.0
ElasticNet_SOLO_A_N_ST,70,A_p3_dominant_freq_hz,-0.0,1887.495846608076
ElasticNet_SOLO_A_N_ST,70,A_p3_spectral_energy,1.8990605042090616,8143858824872.474
ElasticNet_SOLO_A_N_ST,70,A_p3_spectral_centroid_hz,-0.8483007705183572,2897.905185322705
ElasticNet_SOLO_A_N_ST,70,A_p4_std,-0.7243015774592446,33.47410301839513
ElasticNet_SOLO_A_N_ST,70,A_p4_rms,-0.7243942014681396,33.47410301839513
ElasticNet_SOLO_A_N_ST,70,A_p4_max,-0.9942390790817512,110.35626800949666
ElasticNet_SOLO_A_N_ST,70,A_p4_min,-1.5251753534276007,-130.26263599050333
ElasticNet_SOLO_A_N_ST,70,A_p4_peak_to_peak,-1.4947599111647158,240.618904
ElasticNet_SOLO_A_N_ST,70,A_p4_skewness,-0.8416460847577191,0.1119701716303552
ElasticNet_SOLO_A_N_ST,70,A_p4_kurtosis,-0.6405604783941329,-0.2959579172611435
ElasticNet_SOLO_A_N_ST,70,A_p4_crest_factor,-1.4080916955864449,3.891445154450284
ElasticNet_SOLO_A_N_ST,70,A_p4_energy,-0.5925411692836423,2484.877744743736
ElasticNet_SOLO_A_N_ST,70,A_p4_absolute_mean,-0.96591498476192,26.480858222506875
ElasticNet_SOLO_A_N_ST,70,A_p4_duration_s,-0.33749092065438663,2.2175999999999974
ElasticNet_SOLO_A_N_ST,70,A_p4_n_samples,-0.33749867149261203,110881.0
ElasticNet_SOLO_A_N_ST,70,A_p4_dominant_freq_hz,-1.3206831906275815,1946.6815776207968
ElasticNet_SOLO_A_N_ST,70,A_p4_spectral_energy,-0.4807307632369885,6888143230373.262
ElasticNet_SOLO_A_N_ST,70,A_p4_spectral_centroid_hz,-2.230753087453886,2999.2510967686662
ElasticNet_SOLO_A_N_ST,70,A_p5_std,-0.0,27.49708209641945
ElasticNet_SOLO_A_N_ST,70,A_p5_rms,-0.0,27.49708209641945
ElasticNet_SOLO_A_N_ST,70,A_p5_max,-0.0,118.49657433762351
ElasticNet_SOLO_A_N_ST,70,A_p5_min,-0.13960859054170005,-145.00526466237648
ElasticNet_SOLO_A_N_ST,70,A_p5_peak_to_peak,-0.0,263.501839
ElasticNet_SOLO_A_N_ST,70,A_p5_skewness,1.423694010380346,0.0463064232213937
ElasticNet_SOLO_A_N_ST,70,A_p5_kurtosis,0.0,-0.038389479235275
ElasticNet_SOLO_A_N_ST,70,A_p5_crest_factor,-0.34344463868431063,5.2734782604899895
ElasticNet_SOLO_A_N_ST,70,A_p5_energy,0.0,1436.9178964336922
ElasticNet_SOLO_A_N_ST,70,A_p5_absolute_mean,-0.26631470123682827,21.447390521613364
ElasticNet_SOLO_A_N_ST,70,A_p5_duration_s,1.728264586145634,1.900439999999996
ElasticNet_SOLO_A_N_ST,70,A_p5_n_samples,1.7281837907099171,95023.0
ElasticNet_SOLO_A_N_ST,70,A_p5_dominant_freq_hz,-2.216008873877306,1383.3492944337306
ElasticNet_SOLO_A_N_ST,70,A_p5_spectral_energy,0.03342188480613994,3413506231820.476
ElasticNet_SOLO_A_N_ST,70,A_p5_spectral_centroid_hz,-1.0584711372299767,3021.570632478217
ElasticNet_SOLO_A_N_ST,70,A_p6_std,-0.1821408444870577,30.268285397303043
ElasticNet_SOLO_A_N_ST,70,A_p6_rms,-0.1824121827805657,30.268285397303043
ElasticNet_SOLO_A_N_ST,70,A_p6_max,-0.0,133.4313235340408
ElasticNet_SOLO_A_N_ST,70,A_p6_min,-0.0,-126.7329144659592
ElasticNet_SOLO_A_N_ST,70,A_p6_peak_to_peak,-0.0,260.164238
ElasticNet_SOLO_A_N_ST,70,A_p6_skewness,-0.0,0.0253844541397191
ElasticNet_SOLO_A_N_ST,70,A_p6_kurtosis,1.3595015966031787,-0.1762544143319533
ElasticNet_SOLO_A_N_ST,70,A_p6_crest_factor,0.0,4.408288139966123
ElasticNet_SOLO_A_N_ST,70,A_p6_energy,0.11138612751539675,1329.5445992153254
ElasticNet_SOLO_A_N_ST,70,A_p6_absolute_mean,0.07064999725445771,24.0331724312623
ElasticNet_SOLO_A_N_ST,70,A_p6_duration_s,3.1560670685723333,1.4511800000000008
ElasticNet_SOLO_A_N_ST,70,A_p6_n_samples,3.155988149114529,72560.0
ElasticNet_SOLO_A_N_ST,70,A_p6_dominant_freq_hz,-0.353031460954283,2039.0022051488568
ElasticNet_SOLO_A_N_ST,70,A_p6_spectral_energy,1.3893291713842943,2411793902976.621
ElasticNet_SOLO_A_N_ST,70,A_p6_spectral_centroid_hz,-0.886200000694429,2855.896917851884
ElasticNet_SOLO_A_N_ST,70,A_rms_mean_6_contacts,-0.0,30.319405410595227
ElasticNet_SOLO_A_N_ST,70,A_rms_std_6_contacts,-3.210972192728792,2.304888027072597
ElasticNet_SOLO_A_N_ST,70,A_energy_total_6_contacts,-0.0,12907.922397320755
ElasticNet_SOLO_A_N_ST,70,A_to_R_rms_ratio,0.06547242355938451,1.304054544797817
ElasticNet_SOLO_A_N_ST,70,A_to_R_energy_ratio,0.27415728175159215,1.7131234494203813
ElasticNet_SOLO_A_N_ST,73,A_p1_std,-1.6130876120665751,35.00803168304922
ElasticNet_SOLO_A_N_ST,73,A_p1_rms,-1.613148366228966,35.00803168304922
ElasticNet_SOLO_A_N_ST,73,A_p1_max,-0.0,128.67730333840413
ElasticNet_SOLO_A_N_ST,73,A_p1_min,-0.0,-148.7271606615959
ElasticNet_SOLO_A_N_ST,73,A_p1_peak_to_peak,-0.0,277.404464
ElasticNet_SOLO_A_N_ST,73,A_p1_skewness,-1.7363547997242357,0.007442576420454
ElasticNet_SOLO_A_N_ST,73,A_p1_kurtosis,0.3235448079629327,-0.0132546029400266
ElasticNet_SOLO_A_N_ST,73,A_p1_crest_factor,3.238387490156241,4.248372545138238
ElasticNet_SOLO_A_N_ST,73,A_p1_energy,-1.65264917988845,3933.123498917053
ElasticNet_SOLO_A_N_ST,73,A_p1_absolute_mean,-1.4351154773702,27.453272973174236
ElasticNet_SOLO_A_N_ST,73,A_p1_duration_s,1.0336441885261818,3.209219999999995
ElasticNet_SOLO_A_N_ST,73,A_p1_n_samples,1.0337121114012047,160462.0
ElasticNet_SOLO_A_N_ST,73,A_p1_dominant_freq_hz,-2.3577027656807266,2116.0773267992085
ElasticNet_SOLO_A_N_ST,73,A_p1_spectral_energy,-1.6791959338032592,15777921572084.729
ElasticNet_SOLO_A_N_ST,73,A_p1_spectral_centroid_hz,-0.3253842047527803,3655.4864856513855
ElasticNet_SOLO_A_N_ST,73,A_p2_std,0.0,32.35526068983052
ElasticNet_SOLO_A_N_ST,73,A_p2_rms,0.0,32.35526068983052
ElasticNet_SOLO_A_N_ST,73,A_p2_max,1.5306657442817546,119.60067234542652
ElasticNet_SOLO_A_N_ST,73,A_p2_min,2.5131056446179714,-131.55926265457347
ElasticNet_SOLO_A_N_ST,73,A_p2_peak_to_peak,2.242102543247532,251.159935
ElasticNet_SOLO_A_N_ST,73,A_p2_skewness,0.0,0.1091998200031242
ElasticNet_SOLO_A_N_ST,73,A_p2_kurtosis,-2.3122986624497557,-0.1751684920306182
ElasticNet_SOLO_A_N_ST,73,A_p2_crest_factor,2.321988287522828,4.066085695174864
ElasticNet_SOLO_A_N_ST,73,A_p2_energy,0.008025107961676025,3070.2185591653697
ElasticNet_SOLO_A_N_ST,73,A_p2_absolute_mean,-0.013177253784166907,25.48885077388033
ElasticNet_SOLO_A_N_ST,73,A_p2_duration_s,0.1879732760512812,2.932760000000002
ElasticNet_SOLO_A_N_ST,73,A_p2_n_samples,0.1876265515028971,146639.0
ElasticNet_SOLO_A_N_ST,73,A_p2_dominant_freq_hz,-1.0379965839826042,2150.5193025862045
ElasticNet_SOLO_A_N_ST,73,A_p2_spectral_energy,0.0,11255344482436.26
ElasticNet_SOLO_A_N_ST,73,A_p2_spectral_centroid_hz,-0.8950218446867654,2930.694915570726
ElasticNet_SOLO_A_N_ST,73,A_p3_std,-0.0,34.00109275570459
ElasticNet_SOLO_A_N_ST,73,A_p3_rms,-0.0,34.00109275570459
ElasticNet_SOLO_A_N_ST,73,A_p3_max,-0.6003433892497473,118.25634622748242
ElasticNet_SOLO_A_N_ST,73,A_p3_min,-1.0924102659478456,-139.9869707725176
ElasticNet_SOLO_A_N_ST,73,A_p3_peak_to_peak,-1.0254876535595452,258.24331700000005
ElasticNet_SOLO_A_N_ST,73,A_p3_skewness,0.23113695108362137,0.0091963397268024
ElasticNet_SOLO_A_N_ST,73,A_p3_kurtosis,-0.3924260205227469,-0.3298885037095136
ElasticNet_SOLO_A_N_ST,73,A_p3_crest_factor,-0.9885469765803148,4.117131522163535
ElasticNet_SOLO_A_N_ST,73,A_p3_energy,-0.26868539964463384,2946.9721414926203
ElasticNet_SOLO_A_N_ST,73,A_p3_absolute_mean,-0.0,26.970889216538307
ElasticNet_SOLO_A_N_ST,73,A_p3_duration_s,0.3831184320530107,2.549100000000003
ElasticNet_SOLO_A_N_ST,73,A_p3_n_samples,0.38310579045833215,127456.0
ElasticNet_SOLO_A_N_ST,73,A_p3_dominant_freq_hz,-0.0,1975.5837309309293
ElasticNet_SOLO_A_N_ST,73,A_p3_spectral_energy,0.7855279150087906,9390232031663.947
ElasticNet_SOLO_A_N_ST,73,A_p3_spectral_centroid_hz,-0.8785265991461398,2799.93029700775
ElasticNet_SOLO_A_N_ST,73,A_p4_std,0.4715582429646351,28.42778387038577
ElasticNet_SOLO_A_N_ST,73,A_p4_rms,0.4716185460431457,28.42778387038577
ElasticNet_SOLO_A_N_ST,73,A_p4_max,-0.6134339406061373,140.75524297251525
ElasticNet_SOLO_A_N_ST,73,A_p4_min,-1.5256751008752212,-130.23816602748477
ElasticNet_SOLO_A_N_ST,73,A_p4_peak_to_peak,-1.2000296893643296,270.99340900000004
ElasticNet_SOLO_A_N_ST,73,A_p4_skewness,-0.8406644668769142,0.1117245516864764
ElasticNet_SOLO_A_N_ST,73,A_p4_kurtosis,-0.6274676129429811,0.0253771670975524
ElasticNet_SOLO_A_N_ST,73,A_p4_crest_factor,-1.0621662685840532,4.951326618152073
ElasticNet_SOLO_A_N_ST,73,A_p4_energy,1.0029690993712381,1748.3115243554882
ElasticNet_SOLO_A_N_ST,73,A_p4_absolute_mean,0.14412303811039145,22.207409671804868
ElasticNet_SOLO_A_N_ST,73,A_p4_duration_s,-0.05572034010003148,2.1633599999999973
ElasticNet_SOLO_A_N_ST,73,A_p4_n_samples,-0.055721619776956464,108169.0
ElasticNet_SOLO_A_N_ST,73,A_p4_dominant_freq_hz,-1.1237917129457138,2125.8401206325784
ElasticNet_SOLO_A_N_ST,73,A_p4_spectral_energy,1.2269475981751548,4727827731950.221
ElasticNet_SOLO_A_N_ST,73,A_p4_spectral_centroid_hz,-1.967769367479629,3340.938896154036
ElasticNet_SOLO_A_N_ST,73,A_p5_std,-0.0,30.84583234376857
ElasticNet_SOLO_A_N_ST,73,A_p5_rms,-0.0,30.84583234376857
ElasticNet_SOLO_A_N_ST,73,A_p5_max,-0.0,131.1736994280493
ElasticNet_SOLO_A_N_ST,73,A_p5_min,-0.09109347231634898,-154.25060157195068
ElasticNet_SOLO_A_N_ST,73,A_p5_peak_to_peak,-0.0,285.424301
ElasticNet_SOLO_A_N_ST,73,A_p5_skewness,1.6545851316029838,0.0510697451849731
ElasticNet_SOLO_A_N_ST,73,A_p5_kurtosis,0.0,-0.0295121690517836
ElasticNet_SOLO_A_N_ST,73,A_p5_crest_factor,-0.7130483291245006,5.00069506482655
ElasticNet_SOLO_A_N_ST,73,A_p5_energy,0.0,1728.6222896298395
ElasticNet_SOLO_A_N_ST,73,A_p5_absolute_mean,0.020598757782126442,24.147613327583223
ElasticNet_SOLO_A_N_ST,73,A_p5_duration_s,3.228187977955867,1.8167799999999945
ElasticNet_SOLO_A_N_ST,73,A_p5_n_samples,3.2280370619119556,90840.0
ElasticNet_SOLO_A_N_ST,73,A_p5_dominant_freq_hz,-0.5376541546572104,2152.135622390419
ElasticNet_SOLO_A_N_ST,73,A_p5_spectral_energy,0.023304557196646137,3925701219774.1216
ElasticNet_SOLO_A_N_ST,73,A_p5_spectral_centroid_hz,-1.0083606478247231,3143.5125879013262
ElasticNet_SOLO_A_N_ST,73,A_p6_std,-0.36653368611319165,28.50307337660862
ElasticNet_SOLO_A_N_ST,73,A_p6_rms,-0.3670797175383958,28.50307337660862
ElasticNet_SOLO_A_N_ST,73,A_p6_max,-0.0,121.25831387269044
ElasticNet_SOLO_A_N_ST,73,A_p6_min,-0.0,-155.52185312730956
ElasticNet_SOLO_A_N_ST,73,A_p6_peak_to_peak,-0.0,276.780167
ElasticNet_SOLO_A_N_ST,73,A_p6_skewness,-0.0,0.0238650518399533
ElasticNet_SOLO_A_N_ST,73,A_p6_kurtosis,0.6419432091198305,0.517883453752336
ElasticNet_SOLO_A_N_ST,73,A_p6_crest_factor,0.0,5.456318729998443
ElasticNet_SOLO_A_N_ST,73,A_p6_energy,0.1088408179679187,1340.2415905939388
ElasticNet_SOLO_A_N_ST,73,A_p6_absolute_mean,-0.6708572635766843,21.48105848312168
ElasticNet_SOLO_A_N_ST,73,A_p6_duration_s,1.1749661319057463,1.6496599999999972
ElasticNet_SOLO_A_N_ST,73,A_p6_n_samples,1.174936751132734,82484.0
ElasticNet_SOLO_A_N_ST,73,A_p6_dominant_freq_hz,-0.3010018628312297,2116.167983422184
ElasticNet_SOLO_A_N_ST,73,A_p6_spectral_energy,1.0868747240866443,2763712183989.712
ElasticNet_SOLO_A_N_ST,73,A_p6_spectral_centroid_hz,-0.6349113883623709,3651.0026245444537
ElasticNet_SOLO_A_N_ST,73,A_rms_mean_6_contacts,-0.0,31.52351245322455
ElasticNet_SOLO_A_N_ST,73,A_rms_std_6_contacts,-2.9624377935937587,2.52117438086096
ElasticNet_SOLO_A_N_ST,73,A_energy_total_6_contacts,-0.0,14767.489604154309
ElasticNet_SOLO_A_N_ST,73,A_to_R_rms_ratio,2.615213328188512,1.135877297159867
ElasticNet_SOLO_A_N_ST,73,A_to_R_energy_ratio,2.841593017685602,1.320778599151492
ElasticNet_SOLO_A_N_ST,74,A_p1_std,0.8479957064949731,45.04952119122605
ElasticNet_SOLO_A_N_ST,74,A_p1_rms,0.8480276447904965,45.04952119122605
ElasticNet_SOLO_A_N_ST,74,A_p1_max,0.0,233.5116373736965
ElasticNet_SOLO_A_N_ST,74,A_p1_min,0.0,-235.48033562630357
ElasticNet_SOLO_A_N_ST,74,A_p1_peak_to_peak,0.0,468.991973
ElasticNet_SOLO_A_N_ST,74,A_p1_skewness,5.884055033368624,0.1713345143193999
ElasticNet_SOLO_A_N_ST,74,A_p1_kurtosis,-0.011799367664638741,0.4204262869265895
ElasticNet_SOLO_A_N_ST,74,A_p1_crest_factor,0.16802182375127733,5.227144027274728
ElasticNet_SOLO_A_N_ST,74,A_p1_energy,0.2816835989872251,6535.062083715048
ElasticNet_SOLO_A_N_ST,74,A_p1_absolute_mean,1.0582245748309376,34.66929700784753
ElasticNet_SOLO_A_N_ST,74,A_p1_duration_s,0.9230994512898698,3.2200799999999994
ElasticNet_SOLO_A_N_ST,74,A_p1_n_samples,0.923160110044016,161005.0
ElasticNet_SOLO_A_N_ST,74,A_p1_dominant_freq_hz,1.6547338396357094,4981.522313160236
ElasticNet_SOLO_A_N_ST,74,A_p1_spectral_energy,0.13313326474157897,26304441769713.523
ElasticNet_SOLO_A_N_ST,74,A_p1_spectral_centroid_hz,0.2226261347389297,6750.080999296691
ElasticNet_SOLO_A_N_ST,74,A_p2_std,-0.0,37.76443579196688
ElasticNet_SOLO_A_N_ST,74,A_p2_rms,-0.0,37.76443579196688
ElasticNet_SOLO_A_N_ST,74,A_p2_max,-0.37270475216847754,211.9251206187521
ElasticNet_SOLO_A_N_ST,74,A_p2_min,-0.8933255373121805,-222.82649638124784
ElasticNet_SOLO_A_N_ST,74,A_p2_peak_to_peak,-0.6653336856001079,434.751617
ElasticNet_SOLO_A_N_ST,74,A_p2_skewness,0.0,0.1825866435651624
ElasticNet_SOLO_A_N_ST,74,A_p2_kurtosis,0.6101957266616853,0.9993249423138462
ElasticNet_SOLO_A_N_ST,74,A_p2_crest_factor,0.27434663056048597,5.900432290547996
ElasticNet_SOLO_A_N_ST,74,A_p2_energy,-0.02681491522489944,4541.269235153912
ElasticNet_SOLO_A_N_ST,74,A_p2_absolute_mean,-0.09524616682002582,27.762762952319232
ElasticNet_SOLO_A_N_ST,74,A_p2_duration_s,-0.24173167156545214,3.184260000000002
ElasticNet_SOLO_A_N_ST,74,A_p2_n_samples,-0.2412857874141767,159214.0
ElasticNet_SOLO_A_N_ST,74,A_p2_dominant_freq_hz,0.9068992180330623,4779.1023404273865
ElasticNet_SOLO_A_N_ST,74,A_p2_spectral_energy,-0.0,18075841000422.266
ElasticNet_SOLO_A_N_ST,74,A_p2_spectral_centroid_hz,0.3739970164252358,6636.444915961689
ElasticNet_SOLO_A_N_ST,74,A_p3_std,-0.0,33.77039289353461
ElasticNet_SOLO_A_N_ST,74,A_p3_rms,-0.0,33.77039289353461
ElasticNet_SOLO_A_N_ST,74,A_p3_max,-0.10483877510208112,165.79862299084533
ElasticNet_SOLO_A_N_ST,74,A_p3_min,-0.5288003501113009,-160.18105200915468
ElasticNet_SOLO_A_N_ST,74,A_p3_peak_to_peak,-0.3074680402879809,325.97967500000004
ElasticNet_SOLO_A_N_ST,74,A_p3_skewness,-1.9319065975365912,0.0829632147227297
ElasticNet_SOLO_A_N_ST,74,A_p3_kurtosis,-0.17116406334522827,0.5857239065445148
ElasticNet_SOLO_A_N_ST,74,A_p3_crest_factor,-0.5921056188273827,4.90958525456148
ElasticNet_SOLO_A_N_ST,74,A_p3_energy,-0.41655219072915795,3007.224749272778
ElasticNet_SOLO_A_N_ST,74,A_p3_absolute_mean,-0.0,25.597256568924973
ElasticNet_SOLO_A_N_ST,74,A_p3_duration_s,0.3043357150661587,2.636879999999998
ElasticNet_SOLO_A_N_ST,74,A_p3_n_samples,0.30432567303101815,131845.0
ElasticNet_SOLO_A_N_ST,74,A_p3_dominant_freq_hz,-0.0,2194.2432402514487
ElasticNet_SOLO_A_N_ST,74,A_p3_spectral_energy,0.3192023142765066,9912188676696.744
ElasticNet_SOLO_A_N_ST,74,A_p3_spectral_centroid_hz,0.3876775230657909,6904.241513264064
ElasticNet_SOLO_A_N_ST,74,A_p4_std,-0.6837733187367273,33.3030808596655
ElasticNet_SOLO_A_N_ST,74,A_p4_rms,-0.6838607599738139,33.3030808596655
ElasticNet_SOLO_A_N_ST,74,A_p4_max,-0.3613692012537373,160.87710826904697
ElasticNet_SOLO_A_N_ST,74,A_p4_min,-0.862191155132525,-162.72543073095304
ElasticNet_SOLO_A_N_ST,74,A_p4_peak_to_peak,-0.6895522164433612,323.602539
ElasticNet_SOLO_A_N_ST,74,A_p4_skewness,-0.6652094869905325,0.0678222928180632
ElasticNet_SOLO_A_N_ST,74,A_p4_kurtosis,-0.6097718174462375,0.4596808693661871
ElasticNet_SOLO_A_N_ST,74,A_p4_crest_factor,-1.083423188101883,4.886197508772691
ElasticNet_SOLO_A_N_ST,74,A_p4_energy,-0.5485403485456097,2464.5647960515807
ElasticNet_SOLO_A_N_ST,74,A_p4_absolute_mean,-0.7211868267867284,25.53869843116128
ElasticNet_SOLO_A_N_ST,74,A_p4_duration_s,-0.36097180236724646,2.2221199999999968
ElasticNet_SOLO_A_N_ST,74,A_p4_n_samples,-0.3609800924689167,111107.0
ElasticNet_SOLO_A_N_ST,74,A_p4_dominant_freq_hz,-1.5728087990848505,1717.2635388159456
ElasticNet_SOLO_A_N_ST,74,A_p4_spectral_energy,-0.447227836691299,6845760019872.585
ElasticNet_SOLO_A_N_ST,74,A_p4_spectral_centroid_hz,0.8523704606583734,7005.072067324608
ElasticNet_SOLO_A_N_ST,74,A_p5_std,0.0,34.58206174816958
ElasticNet_SOLO_A_N_ST,74,A_p5_rms,0.0,34.58206174816958
ElasticNet_SOLO_A_N_ST,74,A_p5_max,0.0,179.84625222966534
ElasticNet_SOLO_A_N_ST,74,A_p5_min,0.16367310997242956,-202.80047577033463
ElasticNet_SOLO_A_N_ST,74,A_p5_peak_to_peak,0.0,382.646728
ElasticNet_SOLO_A_N_ST,74,A_p5_skewness,0.10604801620273455,0.0191231687460663
ElasticNet_SOLO_A_N_ST,74,A_p5_kurtosis,-0.0,0.725360118919304
ElasticNet_SOLO_A_N_ST,74,A_p5_crest_factor,0.4571157411342793,5.864325766553489
ElasticNet_SOLO_A_N_ST,74,A_p5_energy,-0.0,2308.3628436745835
ElasticNet_SOLO_A_N_ST,74,A_p5_absolute_mean,0.2183790770586482,26.00897922693332
ElasticNet_SOLO_A_N_ST,74,A_p5_duration_s,1.1950620799008125,1.93018
ElasticNet_SOLO_A_N_ST,74,A_p5_n_samples,1.1950062113942512,96510.0
ElasticNet_SOLO_A_N_ST,74,A_p5_dominant_freq_hz,-0.20179597058196005,2305.9786551489506
ElasticNet_SOLO_A_N_ST,74,A_p5_spectral_energy,-0.009165256006964863,5569502451146.202
ElasticNet_SOLO_A_N_ST,74,A_p5_spectral_centroid_hz,0.5523354488812212,6941.406723686484
ElasticNet_SOLO_A_N_ST,74,A_p6_std,0.4032841302741259,35.872620107640884
ElasticNet_SOLO_A_N_ST,74,A_p6_rms,0.40388490945693695,35.872620107640884
ElasticNet_SOLO_A_N_ST,74,A_p6_max,0.0,183.76089050298617
ElasticNet_SOLO_A_N_ST,74,A_p6_min,0.0,-226.4750104970138
ElasticNet_SOLO_A_N_ST,74,A_p6_peak_to_peak,0.0,410.235901
ElasticNet_SOLO_A_N_ST,74,A_p6_skewness,-0.0,0.0225177903297406
ElasticNet_SOLO_A_N_ST,74,A_p6_kurtosis,0.6044004023593187,0.5542008939791034
ElasticNet_SOLO_A_N_ST,74,A_p6_crest_factor,0.0,6.313311094016647
ElasticNet_SOLO_A_N_ST,74,A_p6_energy,-0.03060440048557996,1926.278090973187
ElasticNet_SOLO_A_N_ST,74,A_p6_absolute_mean,1.0506011407328324,27.405960688202963
ElasticNet_SOLO_A_N_ST,74,A_p6_duration_s,2.6999187775320683,1.4968800000000044
ElasticNet_SOLO_A_N_ST,74,A_p6_n_samples,2.69985126435149,74845.0
ElasticNet_SOLO_A_N_ST,74,A_p6_dominant_freq_hz,-0.1724888475329437,2306.767319213523
ElasticNet_SOLO_A_N_ST,74,A_p6_spectral_energy,0.3644295363413159,3604307092972.1953
ElasticNet_SOLO_A_N_ST,74,A_p6_spectral_centroid_hz,0.37435300859825676,6844.429792364645
ElasticNet_SOLO_A_N_ST,74,A_rms_mean_6_contacts,0.0,36.723685432033925
ElasticNet_SOLO_A_N_ST,74,A_rms_std_6_contacts,-1.2598654220634287,4.00283314351388
ElasticNet_SOLO_A_N_ST,74,A_energy_total_6_contacts,0.0,20782.76179884109
ElasticNet_SOLO_A_N_ST,74,A_to_R_rms_ratio,2.5945494677306304,1.137240255714233
ElasticNet_SOLO_A_N_ST,74,A_to_R_energy_ratio,2.7992025998704118,1.3272565264848848
ElasticNet_SOLO_A_N_ST,75,A_p1_std,2.0981912855266316,50.150456090639736
ElasticNet_SOLO_A_N_ST,75,A_p1_rms,2.098270310282097,50.150456090639736
ElasticNet_SOLO_A_N_ST,75,A_p1_max,-0.0,186.88131308696504
ElasticNet_SOLO_A_N_ST,75,A_p1_min,0.0,-216.77545591303493
ElasticNet_SOLO_A_N_ST,75,A_p1_peak_to_peak,-0.0,403.656769
ElasticNet_SOLO_A_N_ST,75,A_p1_skewness,3.0402096242911134,0.1101720118573024
ElasticNet_SOLO_A_N_ST,75,A_p1_kurtosis,0.21336521693854765,0.1292341788948547
ElasticNet_SOLO_A_N_ST,75,A_p1_crest_factor,3.0058458825852217,4.322502182657012
ElasticNet_SOLO_A_N_ST,75,A_p1_energy,1.5018765673474739,8176.386265338601
ElasticNet_SOLO_A_N_ST,75,A_p1_absolute_mean,2.434938812220903,38.65367251134644
ElasticNet_SOLO_A_N_ST,75,A_p1_duration_s,0.6089732458468472,3.25094
ElasticNet_SOLO_A_N_ST,75,A_p1_n_samples,0.6090132627251538,162548.0
ElasticNet_SOLO_A_N_ST,75,A_p1_dominant_freq_hz,1.5613819592594826,4914.85591966831
ElasticNet_SOLO_A_N_ST,75,A_p1_spectral_energy,1.324869194584891,33226380866544.33
ElasticNet_SOLO_A_N_ST,75,A_p1_spectral_centroid_hz,0.044106146315668934,5741.985098655379
ElasticNet_SOLO_A_N_ST,75,A_p2_std,-0.0,34.6706409134508
ElasticNet_SOLO_A_N_ST,75,A_p2_rms,-0.0,34.6706409134508
ElasticNet_SOLO_A_N_ST,75,A_p2_max,-0.034605048459584,195.52533473128884
ElasticNet_SOLO_A_N_ST,75,A_p2_min,-0.4909312942797234,-212.04529826871115
ElasticNet_SOLO_A_N_ST,75,A_p2_peak_to_peak,-0.23488402275902076,407.570633
ElasticNet_SOLO_A_N_ST,75,A_p2_skewness,-0.0,-0.1857671567113383
ElasticNet_SOLO_A_N_ST,75,A_p2_kurtosis,0.9972908665596957,1.1548909211471177
ElasticNet_SOLO_A_N_ST,75,A_p2_crest_factor,0.03372402928466786,6.115990148496107
ElasticNet_SOLO_A_N_ST,75,A_p2_energy,-0.004814906276788775,3612.362619289709
ElasticNet_SOLO_A_N_ST,75,A_p2_absolute_mean,-0.02486912667479465,25.81280159973252
ElasticNet_SOLO_A_N_ST,75,A_p2_duration_s,0.06430709669343339,3.005140000000001
ElasticNet_SOLO_A_N_ST,75,A_p2_n_samples,0.06418847957121601,150258.0
ElasticNet_SOLO_A_N_ST,75,A_p2_dominant_freq_hz,0.9362063775858956,4818.71181585946
ElasticNet_SOLO_A_N_ST,75,A_p2_spectral_energy,-0.0,13569659561391.256
ElasticNet_SOLO_A_N_ST,75,A_p2_spectral_centroid_hz,0.12236548040795124,5901.638213500762
ElasticNet_SOLO_A_N_ST,75,A_p3_std,0.0,28.791529109472386
ElasticNet_SOLO_A_N_ST,75,A_p3_rms,0.0,28.791529109472386
ElasticNet_SOLO_A_N_ST,75,A_p3_max,-0.2674960872066349,150.19211050062088
ElasticNet_SOLO_A_N_ST,75,A_p3_min,-0.4651623513357387,-162.4611944993791
ElasticNet_SOLO_A_N_ST,75,A_p3_peak_to_peak,-0.4487303596130592,312.653305
ElasticNet_SOLO_A_N_ST,75,A_p3_skewness,6.471961202476597,-0.2036362233150841
ElasticNet_SOLO_A_N_ST,75,A_p3_kurtosis,-0.16295079415958436,0.6197115440537462
ElasticNet_SOLO_A_N_ST,75,A_p3_crest_factor,-0.22536313943642153,5.642673366935886
ElasticNet_SOLO_A_N_ST,75,A_p3_energy,1.5246635746814832,2216.220147955049
ElasticNet_SOLO_A_N_ST,75,A_p3_absolute_mean,0.0,21.874337752163758
ElasticNet_SOLO_A_N_ST,75,A_p3_duration_s,0.27146919540269115,2.673500000000004
ElasticNet_SOLO_A_N_ST,75,A_p3_n_samples,0.27146023785001744,133676.0
ElasticNet_SOLO_A_N_ST,75,A_p3_dominant_freq_hz,-0.0,2063.1975822918184
ElasticNet_SOLO_A_N_ST,75,A_p3_spectral_energy,2.5579320959565637,7406386112681.881
ElasticNet_SOLO_A_N_ST,75,A_p3_spectral_centroid_hz,0.3605670485673746,6816.364825287797
ElasticNet_SOLO_A_N_ST,75,A_p4_std,0.1309837771473516,29.86494851027444
ElasticNet_SOLO_A_N_ST,75,A_p4_rms,0.13100052741121565,29.86494851027444
ElasticNet_SOLO_A_N_ST,75,A_p4_max,0.18274076284633184,204.31240759830263
ElasticNet_SOLO_A_N_ST,75,A_p4_min,0.5266046213568103,-230.72734140169737
ElasticNet_SOLO_A_N_ST,75,A_p4_peak_to_peak,0.3917465115561958,435.039749
ElasticNet_SOLO_A_N_ST,75,A_p4_skewness,0.0710969942813007,-0.116415953187945
ElasticNet_SOLO_A_N_ST,75,A_p4_kurtosis,-0.5986824074877756,0.7318456218250962
ElasticNet_SOLO_A_N_ST,75,A_p4_crest_factor,-0.15666602589204912,7.725690245952383
ElasticNet_SOLO_A_N_ST,75,A_p4_energy,0.501217941223216,1979.944602119437
ElasticNet_SOLO_A_N_ST,75,A_p4_absolute_mean,-0.000850037707718036,22.765530175769783
ElasticNet_SOLO_A_N_ST,75,A_p4_duration_s,-0.3492313615108165,2.219859999999997
ElasticNet_SOLO_A_N_ST,75,A_p4_n_samples,-0.34923938198076443,110994.0
ElasticNet_SOLO_A_N_ST,75,A_p4_dominant_freq_hz,-0.9278014632280498,2304.1786043361094
ElasticNet_SOLO_A_N_ST,75,A_p4_spectral_energy,0.6212675678846141,5494049279338.089
ElasticNet_SOLO_A_N_ST,75,A_p4_spectral_centroid_hz,0.6859106006476781,6788.795169048856
ElasticNet_SOLO_A_N_ST,75,A_p5_std,-0.0,27.829698192966664
ElasticNet_SOLO_A_N_ST,75,A_p5_rms,-0.0,27.829698192966664
ElasticNet_SOLO_A_N_ST,75,A_p5_max,-0.0,143.2760223493157
ElasticNet_SOLO_A_N_ST,75,A_p5_min,-0.11150840396021025,-150.36020765068432
ElasticNet_SOLO_A_N_ST,75,A_p5_peak_to_peak,-0.0,293.63623
ElasticNet_SOLO_A_N_ST,75,A_p5_skewness,-2.2538710561357815,-0.0295623514680295
ElasticNet_SOLO_A_N_ST,75,A_p5_kurtosis,-0.0,1.148196362435006
ElasticNet_SOLO_A_N_ST,75,A_p5_crest_factor,-0.16812879824065607,5.402868784566428
ElasticNet_SOLO_A_N_ST,75,A_p5_energy,0.0,1574.2791150585936
ElasticNet_SOLO_A_N_ST,75,A_p5_absolute_mean,-0.3643515389130536,20.5247384235777
ElasticNet_SOLO_A_N_ST,75,A_p5_duration_s,-0.6419227482712526,2.0326400000000007
ElasticNet_SOLO_A_N_ST,75,A_p5_n_samples,-0.6418927387295932,101633.0
ElasticNet_SOLO_A_N_ST,75,A_p5_dominant_freq_hz,-0.20316059451358667,2305.353576189525
ElasticNet_SOLO_A_N_ST,75,A_p5_spectral_energy,0.021837579468390725,3999967732518.7495
ElasticNet_SOLO_A_N_ST,75,A_p5_spectral_centroid_hz,0.5143529171127055,6848.977688353862
ElasticNet_SOLO_A_N_ST,75,A_p6_std,-0.022732901287085206,31.79431436377071
ElasticNet_SOLO_A_N_ST,75,A_p6_rms,-0.022766766874230664,31.79431436377071
ElasticNet_SOLO_A_N_ST,75,A_p6_max,0.0,196.3190379812756
ElasticNet_SOLO_A_N_ST,75,A_p6_min,0.0,-230.2206500187244
ElasticNet_SOLO_A_N_ST,75,A_p6_peak_to_peak,0.0,426.539688
ElasticNet_SOLO_A_N_ST,75,A_p6_skewness,0.0,-0.156156868473343
ElasticNet_SOLO_A_N_ST,75,A_p6_kurtosis,0.2031362692265162,0.9423680937081396
ElasticNet_SOLO_A_N_ST,75,A_p6_crest_factor,-0.0,7.240937715614287
ElasticNet_SOLO_A_N_ST,75,A_p6_energy,0.06857018846111665,1509.4841006345794
ElasticNet_SOLO_A_N_ST,75,A_p6_absolute_mean,0.060708480028014176,23.998955794258844
ElasticNet_SOLO_A_N_ST,75,A_p6_duration_s,2.7364505662675627,1.4932199999999938
ElasticNet_SOLO_A_N_ST,75,A_p6_n_samples,2.7363821395863415,74662.0
ElasticNet_SOLO_A_N_ST,75,A_p6_dominant_freq_hz,-0.1713858401819226,2308.403203859056
ElasticNet_SOLO_A_N_ST,75,A_p6_spectral_energy,1.040623372339972,2817527548077.2583
ElasticNet_SOLO_A_N_ST,75,A_p6_spectral_centroid_hz,0.30750598722199757,6632.918225332592
ElasticNet_SOLO_A_N_ST,75,A_rms_mean_6_contacts,0.0,33.850264530095785
ElasticNet_SOLO_A_N_ST,75,A_rms_std_6_contacts,2.8957441599746647,7.61924055993218
ElasticNet_SOLO_A_N_ST,75,A_energy_total_6_contacts,0.0,19068.676850395965
ElasticNet_SOLO_A_N_ST,75,A_to_R_rms_ratio,3.4075101468010183,1.0836185370542253
ElasticNet_SOLO_A_N_ST,75,A_to_R_energy_ratio,3.5105948699240646,1.2185445187137895
ElasticNet_SOLO_A_N_ST,76,A_p1_std,6.660001869626204,68.76314293998189
ElasticNet_SOLO_A_N_ST,76,A_p1_rms,6.660252707108362,68.76314293998189
ElasticNet_SOLO_A_N_ST,76,A_p1_max,0.0,252.6480419642391
ElasticNet_SOLO_A_N_ST,76,A_p1_min,0.0,-265.59142903576094
ElasticNet_SOLO_A_N_ST,76,A_p1_peak_to_peak,0.0,518.2394710000001
ElasticNet_SOLO_A_N_ST,76,A_p1_skewness,6.328667598957008,0.1808967841427445
ElasticNet_SOLO_A_N_ST,76,A_p1_kurtosis,0.06884638593950801,0.3161318791839829
ElasticNet_SOLO_A_N_ST,76,A_p1_crest_factor,4.449137032848294,3.862409681703692
ElasticNet_SOLO_A_N_ST,76,A_p1_energy,7.325101207882801,16009.40912760027
ElasticNet_SOLO_A_N_ST,76,A_p1_absolute_mean,6.7347886443416884,51.09795170490368
ElasticNet_SOLO_A_N_ST,76,A_p1_duration_s,-0.7637765942713137,3.3858000000000037
ElasticNet_SOLO_A_N_ST,76,A_p1_n_samples,-0.7638267835944103,169291.0
ElasticNet_SOLO_A_N_ST,76,A_p1_dominant_freq_hz,1.5825496751825048,4929.972650829613
ElasticNet_SOLO_A_N_ST,76,A_p1_spectral_energy,7.269800488165659,67756222015514.36
ElasticNet_SOLO_A_N_ST,76,A_p1_spectral_centroid_hz,0.0010275801642721431,5498.721997832378
ElasticNet_SOLO_A_N_ST,76,A_p2_std,-0.0,34.251907811764234
ElasticNet_SOLO_A_N_ST,76,A_p2_rms,-0.0,34.251907811764234
ElasticNet_SOLO_A_N_ST,76,A_p2_max,-1.0850427094980284,246.47762052208245
ElasticNet_SOLO_A_N_ST,76,A_p2_min,-1.8916887046286655,-249.57526647791755
ElasticNet_SOLO_A_N_ST,76,A_p2_peak_to_peak,-1.6361267592883313,496.052887
ElasticNet_SOLO_A_N_ST,76,A_p2_skewness,-0.0,-0.0047146382347386
ElasticNet_SOLO_A_N_ST,76,A_p2_kurtosis,3.315517066890896,2.08654076853729
ElasticNet_SOLO_A_N_ST,76,A_p2_crest_factor,-1.2728498892817501,7.286463219785904
ElasticNet_SOLO_A_N_ST,76,A_p2_energy,-0.007515505785058646,3726.39006154886
ElasticNet_SOLO_A_N_ST,76,A_p2_absolute_mean,0.011688891097807318,24.799875769992543
ElasticNet_SOLO_A_N_ST,76,A_p2_duration_s,-0.22806312452396102,3.176259999999999
ElasticNet_SOLO_A_N_ST,76,A_p2_n_samples,-0.22764245257784826,158814.0
ElasticNet_SOLO_A_N_ST,76,A_p2_dominant_freq_hz,0.8501145497154583,4702.356215625021
ElasticNet_SOLO_A_N_ST,76,A_p2_spectral_energy,-0.0,14795072781280.13
ElasticNet_SOLO_A_N_ST,76,A_p2_spectral_centroid_hz,0.32560521045953544,6495.132646718366
ElasticNet_SOLO_A_N_ST,76,A_p3_std,-0.0,36.43155989218363
ElasticNet_SOLO_A_N_ST,76,A_p3_rms,-0.0,36.43155989218363
ElasticNet_SOLO_A_N_ST,76,A_p3_max,0.2072350162950892,195.7412272322152
ElasticNet_SOLO_A_N_ST,76,A_p3_min,0.22645220094491397,-187.2416677677848
ElasticNet_SOLO_A_N_ST,76,A_p3_peak_to_peak,0.2967780572012561,382.982895
ElasticNet_SOLO_A_N_ST,76,A_p3_skewness,0.5703891083336357,-0.0023732708304719
ElasticNet_SOLO_A_N_ST,76,A_p3_kurtosis,0.06065811677244113,1.545035971734226
ElasticNet_SOLO_A_N_ST,76,A_p3_crest_factor,-0.36034894475395646,5.372847822368742
ElasticNet_SOLO_A_N_ST,76,A_p3_energy,-1.412743008315752,3413.151557895608
ElasticNet_SOLO_A_N_ST,76,A_p3_absolute_mean,-0.0,26.943075706016344
ElasticNet_SOLO_A_N_ST,76,A_p3_duration_s,0.362960539326599,2.571559999999998
ElasticNet_SOLO_A_N_ST,76,A_p3_n_samples,0.3629485628732618,128579.0
ElasticNet_SOLO_A_N_ST,76,A_p3_dominant_freq_hz,0.0,4914.877235193338
ElasticNet_SOLO_A_N_ST,76,A_p3_spectral_energy,-0.6271971534898707,10971490354066.49
ElasticNet_SOLO_A_N_ST,76,A_p3_spectral_centroid_hz,0.14068347451108124,6103.627752774366
ElasticNet_SOLO_A_N_ST,76,A_p4_std,-1.251284095287665,35.69787701344509
ElasticNet_SOLO_A_N_ST,76,A_p4_rms,-1.2514441100560694,35.69787701344509
ElasticNet_SOLO_A_N_ST,76,A_p4_max,0.4895651038686034,228.80563134553944
ElasticNet_SOLO_A_N_ST,76,A_p4_min,1.0233322630423838,-255.0494406544605
ElasticNet_SOLO_A_N_ST,76,A_p4_peak_to_peak,0.8654118758163701,483.855072
ElasticNet_SOLO_A_N_ST,76,A_p4_skewness,-0.6915287522007796,0.0744078864286574
ElasticNet_SOLO_A_N_ST,76,A_p4_kurtosis,-0.5862159593803836,1.0378066942265285
ElasticNet_SOLO_A_N_ST,76,A_p4_crest_factor,-0.3463011430993666,7.144666909978985
ElasticNet_SOLO_A_N_ST,76,A_p4_energy,-1.4169756969454361,2865.477378558296
ElasticNet_SOLO_A_N_ST,76,A_p4_absolute_mean,-1.0686626012787854,26.876418233826048
ElasticNet_SOLO_A_N_ST,76,A_p4_duration_s,-0.4984284683235568,2.248580000000004
ElasticNet_SOLO_A_N_ST,76,A_p4_n_samples,-0.4984399152638328,112430.0
ElasticNet_SOLO_A_N_ST,76,A_p4_dominant_freq_hz,1.7748403929422116,4763.40834314929
ElasticNet_SOLO_A_N_ST,76,A_p4_spectral_energy,-1.4024240898853584,8054140541895.678
ElasticNet_SOLO_A_N_ST,76,A_p4_spectral_centroid_hz,0.3418902456637743,6341.818610767111
ElasticNet_SOLO_A_N_ST,76,A_p5_std,0.0,37.05766009536369
ElasticNet_SOLO_A_N_ST,76,A_p5_rms,0.0,37.05766009536369
ElasticNet_SOLO_A_N_ST,76,A_p5_max,0.0,204.6017214563932
ElasticNet_SOLO_A_N_ST,76,A_p5_min,0.18194508362795433,-206.2824945436068
ElasticNet_SOLO_A_N_ST,76,A_p5_peak_to_peak,0.0,410.884216
ElasticNet_SOLO_A_N_ST,76,A_p5_skewness,2.070214536452775,0.0596442484501785
ElasticNet_SOLO_A_N_ST,76,A_p5_kurtosis,0.0,0.5964242664713653
ElasticNet_SOLO_A_N_ST,76,A_p5_crest_factor,0.05361862334927751,5.5665277843437
ElasticNet_SOLO_A_N_ST,76,A_p5_energy,-0.0,2490.3979910534194
ElasticNet_SOLO_A_N_ST,76,A_p5_absolute_mean,0.48213923610309845,28.491299851393848
ElasticNet_SOLO_A_N_ST,76,A_p5_duration_s,3.2877115933133005,1.8134599999999992
ElasticNet_SOLO_A_N_ST,76,A_p5_n_samples,3.287557894572615,90674.0
ElasticNet_SOLO_A_N_ST,76,A_p5_dominant_freq_hz,5.706789173272323,5012.46222750961
ElasticNet_SOLO_A_N_ST,76,A_p5_spectral_energy,-0.010663635331269317,5645358686071.515
ElasticNet_SOLO_A_N_ST,76,A_p5_spectral_centroid_hz,0.3089520278138208,6349.142496480328
ElasticNet_SOLO_A_N_ST,76,A_p6_std,0.5806797798097193,37.57084727425744
ElasticNet_SOLO_A_N_ST,76,A_p6_rms,0.5815448282889437,37.57084727425744
ElasticNet_SOLO_A_N_ST,76,A_p6_max,0.0,185.53531099561724
ElasticNet_SOLO_A_N_ST,76,A_p6_min,-0.0,-199.8007030043828
ElasticNet_SOLO_A_N_ST,76,A_p6_peak_to_peak,0.0,385.336014
ElasticNet_SOLO_A_N_ST,76,A_p6_skewness,0.0,-0.0784913986873536
ElasticNet_SOLO_A_N_ST,76,A_p6_kurtosis,0.20765752466766602,0.937994408349947
ElasticNet_SOLO_A_N_ST,76,A_p6_crest_factor,0.0,5.317971712106716
ElasticNet_SOLO_A_N_ST,76,A_p6_energy,-0.0887795376777803,2170.7666018543887
ElasticNet_SOLO_A_N_ST,76,A_p6_absolute_mean,1.2323914894545587,28.031645302659783
ElasticNet_SOLO_A_N_ST,76,A_p6_duration_s,2.2912817745740086,1.5378199999999964
ElasticNet_SOLO_A_N_ST,76,A_p6_n_samples,2.291224479620662,76892.0
ElasticNet_SOLO_A_N_ST,76,A_p6_dominant_freq_hz,1.4618395642495148,4730.661187298688
ElasticNet_SOLO_A_N_ST,76,A_p6_spectral_energy,-0.12421446865476463,4172864638751.4497
ElasticNet_SOLO_A_N_ST,76,A_p6_spectral_centroid_hz,0.21437922614316943,6338.254577456156
ElasticNet_SOLO_A_N_ST,76,A_rms_mean_6_contacts,0.0,41.62883250449933
ElasticNet_SOLO_A_N_ST,76,A_rms_std_6_contacts,8.13749936794108,12.180863117324105
ElasticNet_SOLO_A_N_ST,76,A_energy_total_6_contacts,0.0,30675.59271851084
ElasticNet_SOLO_A_N_ST,76,A_to_R_rms_ratio,0.006002767560229085,1.307977077885691
ElasticNet_SOLO_A_N_ST,76,A_to_R_energy_ratio,-0.07909090049050317,1.76710536734329
ElasticNet_SOLO_A_N_ST,77,A_p1_std,-0.18330104227013627,40.84171749582152
ElasticNet_SOLO_A_N_ST,77,A_p1_rms,-0.18330794598770575,40.84171749582152
ElasticNet_SOLO_A_N_ST,77,A_p1_max,0.0,203.8572904954009
ElasticNet_SOLO_A_N_ST,77,A_p1_min,0.0,-236.46497550459912
ElasticNet_SOLO_A_N_ST,77,A_p1_peak_to_peak,0.0,440.322266
ElasticNet_SOLO_A_N_ST,77,A_p1_skewness,6.8662507429944215,0.1924585695568947
ElasticNet_SOLO_A_N_ST,77,A_p1_kurtosis,-0.33985758439512426,0.8446846748752685
ElasticNet_SOLO_A_N_ST,77,A_p1_crest_factor,-1.5969759385170328,5.7897901950081225
ElasticNet_SOLO_A_N_ST,77,A_p1_energy,-0.445877455395024,5556.3942966273335
ElasticNet_SOLO_A_N_ST,77,A_p1_absolute_mean,-0.35736909698490055,30.572399775503843
ElasticNet_SOLO_A_N_ST,77,A_p1_duration_s,-0.20657411578940651,3.331060000000001
ElasticNet_SOLO_A_N_ST,77,A_p1_n_samples,-0.20658769019731002,166554.0
ElasticNet_SOLO_A_N_ST,77,A_p1_dominant_freq_hz,1.3685256406199404,4777.129339614308
ElasticNet_SOLO_A_N_ST,77,A_p1_spectral_energy,-0.4123721076946931,23135992392262.65
ElasticNet_SOLO_A_N_ST,77,A_p1_spectral_centroid_hz,0.10763051826363146,6100.704923349312
ElasticNet_SOLO_A_N_ST,77,A_p2_std,0.0,28.20848906090293
ElasticNet_SOLO_A_N_ST,77,A_p2_rms,0.0,28.20848906090293
ElasticNet_SOLO_A_N_ST,77,A_p2_max,0.3841871714363003,175.21149635081684
ElasticNet_SOLO_A_N_ST,77,A_p2_min,1.8687497853604025,-148.82324764918314
ElasticNet_SOLO_A_N_ST,77,A_p2_peak_to_peak,1.0880259666357874,324.034744
ElasticNet_SOLO_A_N_ST,77,A_p2_skewness,0.0,0.1088765637505238
ElasticNet_SOLO_A_N_ST,77,A_p2_kurtosis,0.2899021744466038,0.870605217293654
ElasticNet_SOLO_A_N_ST,77,A_p2_crest_factor,-0.07267259190990855,6.211303837384917
ElasticNet_SOLO_A_N_ST,77,A_p2_energy,0.02419241323961064,2387.586253478993
ElasticNet_SOLO_A_N_ST,77,A_p2_absolute_mean,0.13405921591208625,21.40931823021946
ElasticNet_SOLO_A_N_ST,77,A_p2_duration_s,0.07220068260989654,3.000519999999998
ElasticNet_SOLO_A_N_ST,77,A_p2_n_samples,0.07206750543919564,150027.0
ElasticNet_SOLO_A_N_ST,77,A_p2_dominant_freq_hz,0.8923780993521692,4759.476627720559
ElasticNet_SOLO_A_N_ST,77,A_p2_spectral_energy,0.0,8955060071267.33
ElasticNet_SOLO_A_N_ST,77,A_p2_spectral_centroid_hz,0.4278828641149543,6793.800717531306
ElasticNet_SOLO_A_N_ST,77,A_p3_std,0.0,27.89897631518946
ElasticNet_SOLO_A_N_ST,77,A_p3_rms,0.0,27.89897631518946
ElasticNet_SOLO_A_N_ST,77,A_p3_max,1.220536732874517,292.9646824310668
ElasticNet_SOLO_A_N_ST,77,A_p3_min,4.780104785720927,-350.3985385689332
ElasticNet_SOLO_A_N_ST,77,A_p3_peak_to_peak,3.0568641689766163,643.363221
ElasticNet_SOLO_A_N_ST,77,A_p3_skewness,0.6065141766571708,-0.0036052540704494
ElasticNet_SOLO_A_N_ST,77,A_p3_kurtosis,0.8564479879622786,4.838123908361694
ElasticNet_SOLO_A_N_ST,77,A_p3_crest_factor,3.2349464655244207,12.55954822894919
ElasticNet_SOLO_A_N_ST,77,A_p3_energy,1.8894683155677994,2067.5698877597038
ElasticNet_SOLO_A_N_ST,77,A_p3_absolute_mean,0.0,20.288686830822343
ElasticNet_SOLO_A_N_ST,77,A_p3_duration_s,0.28688827808478795,2.656320000000001
ElasticNet_SOLO_A_N_ST,77,A_p3_n_samples,0.2868788117552493,132817.0
ElasticNet_SOLO_A_N_ST,77,A_p3_dominant_freq_hz,-0.0,2238.418274853784
ElasticNet_SOLO_A_N_ST,77,A_p3_spectral_energy,3.041428054941801,6865210744564.507
ElasticNet_SOLO_A_N_ST,77,A_p3_spectral_centroid_hz,0.44648990815996226,7094.877704982599
ElasticNet_SOLO_A_N_ST,77,A_p4_std,4.52163427713622,11.337171832856573
ElasticNet_SOLO_A_N_ST,77,A_p4_rms,4.522212505745047,11.337171832856573
ElasticNet_SOLO_A_N_ST,77,A_p4_max,0.8361252082884317,256.4708881212542
ElasticNet_SOLO_A_N_ST,77,A_p4_min,1.893680381201363,-297.6657388787458
ElasticNet_SOLO_A_N_ST,77,A_p4_peak_to_peak,1.547368612020829,554.136627
ElasticNet_SOLO_A_N_ST,77,A_p4_skewness,4.857580918406635,-1.314087609145079
ElasticNet_SOLO_A_N_ST,77,A_p4_kurtosis,5.433534560115469,148.77911269155757
ElasticNet_SOLO_A_N_ST,77,A_p4_crest_factor,5.8911918056726815,26.25573143524847
ElasticNet_SOLO_A_N_ST,77,A_p4_energy,4.505391011783181,131.42085250468605
ElasticNet_SOLO_A_N_ST,77,A_p4_absolute_mean,4.76410659585924,4.421296374494873
ElasticNet_SOLO_A_N_ST,77,A_p4_duration_s,5.8711243382639795,1.0224599999999953
ElasticNet_SOLO_A_N_ST,77,A_p4_n_samples,5.871259174883654,51124.0
ElasticNet_SOLO_A_N_ST,77,A_p4_dominant_freq_hz,7.722351919668015,10175.26015217302
ElasticNet_SOLO_A_N_ST,77,A_p4_spectral_energy,4.831408200194061,167968991597.31433
ElasticNet_SOLO_A_N_ST,77,A_p4_spectral_centroid_hz,2.2666343258478614,8842.587742797394
ElasticNet_SOLO_A_N_ST,77,A_p5_std,-0.0,
ElasticNet_SOLO_A_N_ST,77,A_p5_rms,-0.0,
ElasticNet_SOLO_A_N_ST,77,A_p5_max,-0.0,
ElasticNet_SOLO_A_N_ST,77,A_p5_min,-0.03717034540659407,
ElasticNet_SOLO_A_N_ST,77,A_p5_peak_to_peak,-0.0,
ElasticNet_SOLO_A_N_ST,77,A_p5_skewness,0.4807723712559902,
ElasticNet_SOLO_A_N_ST,77,A_p5_kurtosis,-0.0,
ElasticNet_SOLO_A_N_ST,77,A_p5_crest_factor,0.05361862334927751,
ElasticNet_SOLO_A_N_ST,77,A_p5_energy,0.0,
ElasticNet_SOLO_A_N_ST,77,A_p5_absolute_mean,0.020598757782126442,
ElasticNet_SOLO_A_N_ST,77,A_p5_duration_s,1.1950620799008125,
ElasticNet_SOLO_A_N_ST,77,A_p5_n_samples,1.1950062113942512,
ElasticNet_SOLO_A_N_ST,77,A_p5_dominant_freq_hz,-0.40167318732231205,
ElasticNet_SOLO_A_N_ST,77,A_p5_spectral_energy,-0.004843086775520277,
ElasticNet_SOLO_A_N_ST,77,A_p5_spectral_centroid_hz,0.3089520278138208,
ElasticNet_SOLO_A_N_ST,77,A_p6_std,-0.022732901287085206,
ElasticNet_SOLO_A_N_ST,77,A_p6_rms,-0.022766766874230664,
ElasticNet_SOLO_A_N_ST,77,A_p6_max,0.0,
ElasticNet_SOLO_A_N_ST,77,A_p6_min,-0.0,
ElasticNet_SOLO_A_N_ST,77,A_p6_peak_to_peak,0.0,
ElasticNet_SOLO_A_N_ST,77,A_p6_skewness,0.0,
ElasticNet_SOLO_A_N_ST,77,A_p6_kurtosis,0.20765752466766602,
ElasticNet_SOLO_A_N_ST,77,A_p6_crest_factor,0.0,
ElasticNet_SOLO_A_N_ST,77,A_p6_energy,0.06857018846111665,
ElasticNet_SOLO_A_N_ST,77,A_p6_absolute_mean,0.060708480028014176,
ElasticNet_SOLO_A_N_ST,77,A_p6_duration_s,1.4163154902722679,
ElasticNet_SOLO_A_N_ST,77,A_p6_n_samples,1.416280074405607,
ElasticNet_SOLO_A_N_ST,77,A_p6_dominant_freq_hz,-0.22377898361381676,
ElasticNet_SOLO_A_N_ST,77,A_p6_spectral_energy,0.3644295363413159,
ElasticNet_SOLO_A_N_ST,77,A_p6_spectral_centroid_hz,0.28484229268490224,
ElasticNet_SOLO_A_N_ST,77,A_rms_mean_6_contacts,-0.0,27.07158867619262
ElasticNet_SOLO_A_N_ST,77,A_rms_std_6_contacts,6.180898945724607,10.478137166249434
ElasticNet_SOLO_A_N_ST,77,A_energy_total_6_contacts,-0.0,10142.971290370717
ElasticNet_SOLO_A_N_ST,77,A_to_R_rms_ratio,-0.3960411932619982,1.3344953200481733
ElasticNet_SOLO_A_N_ST,77,A_to_R_energy_ratio,-0.08152448302505179,1.7674772573040671
